timestamp,username,ip,lat,lon,is_anomaly,os
2026-04-13 08:59:15,reguser,127.0.0.1,33.749,-84.388,0,macOS
2026-04-09 04:32:15,reguser,127.0.0.1,33.749,-84.388,0,macOS
2026-04-11 23:46:15,akadmin,127.0.0.1,33.749,-84.388,0,Windows 11
2026-04-09 02:45:15,akadmin2,127.0.0.1,33.769000000000005,-84.36800000000001,0,Windows 10
2026-04-11 10:49:15,reguser,127.0.0.1,33.749,-84.388,0,Windows 10
2026-04-07 13:43:15,reguser,127.0.0.1,33.749,-84.388,0,macOS
2026-04-11 10:58:15,akadmin2,127.0.0.1,33.749,-84.388,0,Windows 11
2026-04-08 10:13:15,akadmin,127.0.0.1,33.749,-84.388,0,Linux
2026-04-11 13:41:15,reguser,127.0.0.1,33.749,-84.388,0,Windows 10
2026-04-11 22:22:15,akadmin,127.0.0.1,33.749,-84.388,0,Windows 10
2026-04-10 18:22:15,reguser,127.0.0.1,33.749,-84.388,0,macOS
2026-04-12 23:52:15,akadmin2,127.0.0.1,33.749,-84.388,0,Linux
2026-04-08 14:48:15,akadmin2,127.0.0.1,33.749,-84.388,0,macOS
2026-04-10 09:52:15,akadmin2,127.0.0.1,33.749,-84.388,0,macOS
2026-04-10 13:04:15,reguser,127.0.0.1,33.749,-84.388,0,Windows 11
2026-04-10 10:49:15,akadmin2,127.0.0.1,33.749,-84.388,0,Windows 11
2026-04-10 04:28:15,akadmin,127.0.0.1,33.749,-84.388,0,Linux
2026-04-11 22:06:15,akadmin,127.0.0.1,33.749,-84.388,0,macOS
2026-04-07 00:41:15,akadmin2,127.0.0.1,33.769000000000005,-84.36800000000001,0,Windows 11
2026-04-07 12:23:15,akadmin,127.0.0.1,33.749,-84.388,0,Linux
2026-04-13 03:42:15,reguser,127.0.0.1,33.749,-84.388,0,Windows 10
2026-04-11 11:00:15,reguser,127.0.0.1,33.749,-84.388,0,macOS
2026-04-12 16:43:15,akadmin,127.0.0.1,33.749,-84.388,0,Windows 10
2026-04-10 04:57:15,akadmin2,127.0.0.1,33.749,-84.388,0,Windows 11
2026-04-08 21:49:15,akadmin,127.0.0.1,33.749,-84.388,0,macOS
2026-04-08 05:28:15,akadmin2,127.0.0.1,33.749,-84.388,0,Windows 11
2026-04-12 09:40:15,akadmin2,127.0.0.1,33.749,-84.388,0,Windows 11
2026-04-07 13:31:15,reguser,127.0.0.1,33.749,-84.388,0,macOS
2026-04-12 16:05:15,akadmin2,127.0.0.1,33.749,-84.388,0,Linux
2026-04-09 15:20:15,reguser,127.0.0.1,33.749,-84.388,0,macOS
2026-04-11 16:33:15,reguser,127.0.0.1,33.759,-84.378,0,macOS
2026-04-07 23:44:15,akadmin2,127.0.0.1,33.749,-84.388,0,Linux
2026-04-08 17:16:15,reguser,127.0.0.1,33.749,-84.388,0,Linux
2026-04-09 09:03:15,reguser,127.0.0.1,33.749,-84.388,0,macOS
2026-04-12 03:15:15,reguser,127.0.0.1,33.749,-84.388,0,Windows 11
2026-04-13 05:25:15,reguser,127.0.0.1,33.749,-84.388,0,macOS
2026-04-07 02:48:15,akadmin2,127.0.0.1,33.749,-84.388,0,macOS
2026-04-09 00:27:15,akadmin2,127.0.0.1,33.749,-84.388,0,Windows 10
2026-04-10 17:43:15,akadmin2,127.0.0.1,33.749,-84.388,0,Windows 11
2026-04-08 07:27:15,akadmin,127.0.0.1,33.749,-84.388,0,macOS
2026-04-12 13:23:15,akadmin2,127.0.0.1,33.769000000000005,-84.36800000000001,0,Windows 11
2026-04-11 11:04:15,akadmin2,127.0.0.1,33.749,-84.388,0,macOS
2026-04-09 06:51:15,akadmin2,127.0.0.1,33.769000000000005,-84.36800000000001,0,Windows 11
2026-04-08 14:55:15,akadmin2,127.0.0.1,33.749,-84.388,0,Windows 10
2026-04-11 06:23:15,reguser,127.0.0.1,33.759,-84.378,0,macOS
2026-04-08 00:18:15,akadmin2,127.0.0.1,33.749,-84.388,0,Linux
2026-04-07 21:33:15,akadmin,127.0.0.1,33.749,-84.388,0,Windows 10
2026-04-10 20:12:15,reguser,127.0.0.1,33.749,-84.388,0,Windows 11
2026-04-10 22:54:15,reguser,127.0.0.1,33.749,-84.388,0,Windows 11
2026-04-09 16:17:15,reguser,127.0.0.1,33.759,-84.378,0,Windows 10
2026-04-08 23:02:15,akadmin,127.0.0.1,33.749,-84.388,0,Windows 10
2026-04-10 22:30:15,akadmin2,127.0.0.1,33.749,-84.388,0,macOS
2026-04-07 17:09:15,akadmin,127.0.0.1,33.749,-84.388,0,Windows 10
2026-04-09 03:17:15,reguser,127.0.0.1,33.749,-84.388,0,Linux
2026-04-10 10:09:15,akadmin,127.0.0.1,33.749,-84.388,0,Linux
2026-04-08 23:30:15,akadmin,127.0.0.1,33.749,-84.388,0,macOS
2026-04-07 18:15:15,akadmin,127.0.0.1,33.749,-84.388,0,Windows 10
2026-04-07 13:34:15,akadmin,127.0.0.1,33.749,-84.388,0,Windows 10
2026-04-10 18:34:15,reguser,127.0.0.1,33.749,-84.388,0,Linux
2026-04-13 16:44:15,reguser,127.0.0.1,33.749,-84.388,0,Windows 10
2026-04-13 09:26:15,reguser,127.0.0.1,33.749,-84.388,0,Linux
2026-04-08 20:33:15,akadmin2,127.0.0.1,33.749,-84.388,0,macOS
2026-04-07 09:52:15,akadmin2,127.0.0.1,33.749,-84.388,0,Windows 10
2026-04-11 22:55:15,reguser,127.0.0.1,33.749,-84.388,0,Windows 10
2026-04-07 08:25:15,reguser,127.0.0.1,33.749,-84.388,0,macOS
2026-04-08 11:16:15,akadmin,127.0.0.1,33.749,-84.388,0,Windows 11
2026-04-10 12:10:15,akadmin2,127.0.0.1,33.769000000000005,-84.36800000000001,0,Linux
2026-04-07 04:56:15,akadmin,127.0.0.1,33.749,-84.388,0,macOS
2026-04-11 00:51:15,reguser,127.0.0.1,33.749,-84.388,0,macOS
2026-04-08 23:00:15,reguser,127.0.0.1,33.759,-84.378,0,Linux
2026-04-13 16:51:15,akadmin,127.0.0.1,33.749,-84.388,0,Windows 10
2026-04-12 12:28:15,akadmin,127.0.0.1,33.749,-84.388,0,Windows 10
2026-04-13 04:20:15,reguser,127.0.0.1,33.759,-84.378,0,macOS
2026-04-12 23:08:15,akadmin,127.0.0.1,33.749,-84.388,0,Linux
2026-04-11 08:14:15,reguser,127.0.0.1,33.759,-84.378,0,Windows 11
2026-04-12 22:06:15,akadmin,127.0.0.1,33.749,-84.388,0,Windows 11
2026-04-11 09:45:15,akadmin2,127.0.0.1,33.749,-84.388,0,macOS
2026-04-11 19:19:15,reguser,127.0.0.1,33.749,-84.388,0,Windows 11
2026-04-07 22:01:15,akadmin,127.0.0.1,33.749,-84.388,0,Windows 11
2026-04-08 04:33:15,akadmin2,127.0.0.1,33.749,-84.388,0,Linux
2026-04-06 22:24:15,akadmin,127.0.0.1,33.749,-84.388,0,Windows 10
2026-04-12 18:20:15,reguser,127.0.0.1,33.749,-84.388,0,Windows 11
2026-04-10 17:01:15,akadmin2,127.0.0.1,33.749,-84.388,0,Windows 11
2026-04-12 12:48:15,akadmin2,127.0.0.1,33.749,-84.388,0,Linux
2026-04-12 05:35:15,akadmin2,127.0.0.1,33.749,-84.388,0,macOS
2026-04-10 13:20:15,akadmin,127.0.0.1,33.749,-84.388,0,Windows 10
2026-04-10 01:15:15,akadmin,127.0.0.1,33.749,-84.388,0,Linux
2026-04-09 21:53:15,reguser,127.0.0.1,33.759,-84.378,0,Linux
2026-04-10 02:59:15,akadmin2,127.0.0.1,33.749,-84.388,0,macOS
2026-04-07 05:26:15,akadmin2,127.0.0.1,33.749,-84.388,0,Windows 10
2026-04-07 12:54:15,akadmin,127.0.0.1,33.749,-84.388,0,macOS
2026-04-12 20:03:15,reguser,127.0.0.1,33.749,-84.388,0,macOS
2026-04-07 02:03:15,reguser,127.0.0.1,33.759,-84.378,0,Windows 11
2026-04-12 12:17:15,akadmin,127.0.0.1,33.749,-84.388,0,Windows 11
2026-04-11 05:57:15,akadmin,127.0.0.1,33.749,-84.388,0,Windows 10
2026-04-07 18:06:15,akadmin2,127.0.0.1,33.749,-84.388,0,Windows 11
2026-04-11 10:04:15,akadmin,127.0.0.1,33.749,-84.388,0,Linux
2026-04-13 02:33:15,reguser,127.0.0.1,33.749,-84.388,0,Windows 11
2026-04-10 06:05:15,akadmin2,127.0.0.1,33.749,-84.388,0,Windows 11
2026-04-07 19:45:15,akadmin2,127.0.0.1,33.749,-84.388,0,Windows 10
2026-04-09 14:29:15,akadmin2,127.0.0.1,33.749,-84.388,0,Windows 11
2026-04-11 22:26:15,akadmin2,127.0.0.1,33.749,-84.388,0,Windows 10
2026-04-09 10:48:15,reguser,127.0.0.1,33.759,-84.378,0,macOS
2026-04-10 08:32:15,reguser,127.0.0.1,33.749,-84.388,0,Windows 10
2026-04-12 10:51:15,akadmin,127.0.0.1,33.749,-84.388,0,macOS
2026-04-11 16:11:15,akadmin,127.0.0.1,33.749,-84.388,0,macOS
2026-04-08 14:20:15,akadmin,127.0.0.1,33.749,-84.388,0,macOS
2026-04-12 09:30:15,akadmin2,127.0.0.1,33.749,-84.388,0,Windows 10
2026-04-12 22:51:15,akadmin2,127.0.0.1,33.749,-84.388,0,Linux
2026-04-10 03:55:15,akadmin,127.0.0.1,33.749,-84.388,0,Windows 11
2026-04-13 02:31:15,akadmin2,127.0.0.1,33.749,-84.388,0,Linux
2026-04-12 17:07:15,akadmin2,127.0.0.1,33.749,-84.388,0,macOS
2026-04-08 01:31:15,akadmin2,127.0.0.1,33.749,-84.388,0,Linux
2026-04-12 01:33:15,reguser,127.0.0.1,33.759,-84.378,0,macOS
2026-04-06 22:29:15,akadmin,127.0.0.1,33.749,-84.388,0,macOS
2026-04-08 15:45:15,akadmin2,127.0.0.1,33.749,-84.388,0,Windows 10
2026-04-12 13:54:15,akadmin,127.0.0.1,33.749,-84.388,0,macOS
2026-04-09 12:40:15,akadmin,127.0.0.1,33.749,-84.388,0,Linux
2026-04-11 14:10:15,reguser,127.0.0.1,33.749,-84.388,0,Linux
2026-04-12 16:05:15,akadmin2,127.0.0.1,33.749,-84.388,0,Windows 10
2026-04-12 11:29:15,akadmin,127.0.0.1,33.749,-84.388,0,Windows 10
2026-04-07 17:39:15,akadmin2,127.0.0.1,33.749,-84.388,0,macOS
2026-04-07 23:00:15,akadmin2,127.0.0.1,33.769000000000005,-84.36800000000001,0,Linux
2026-04-13 07:41:15,akadmin,127.0.0.1,33.749,-84.388,0,Windows 11
2026-04-07 03:17:15,reguser,127.0.0.1,33.749,-84.388,0,Windows 10
2026-04-11 08:59:15,akadmin,127.0.0.1,33.749,-84.388,0,macOS
2026-04-13 12:26:15,akadmin2,127.0.0.1,33.749,-84.388,0,Windows 11
2026-04-09 11:29:15,akadmin2,127.0.0.1,33.749,-84.388,0,macOS
2026-04-11 03:09:15,akadmin2,127.0.0.1,33.769000000000005,-84.36800000000001,0,Windows 11
2026-04-11 12:23:15,akadmin,127.0.0.1,33.749,-84.388,0,Windows 11
2026-04-11 03:05:15,reguser,127.0.0.1,33.749,-84.388,0,Windows 10
2026-04-07 06:12:15,reguser,127.0.0.1,33.759,-84.378,0,Windows 11
2026-04-09 12:21:15,reguser,127.0.0.1,33.749,-84.388,0,Linux
2026-04-09 20:48:15,akadmin,127.0.0.1,33.749,-84.388,0,macOS
2026-04-12 03:19:15,akadmin,127.0.0.1,33.749,-84.388,0,Windows 10
2026-04-08 04:28:15,akadmin2,127.0.0.1,33.749,-84.388,0,macOS
2026-04-09 16:51:15,akadmin2,127.0.0.1,33.749,-84.388,0,macOS
2026-04-09 07:24:15,akadmin2,127.0.0.1,33.749,-84.388,0,macOS
2026-04-06 22:49:15,reguser,127.0.0.1,33.749,-84.388,0,Linux
2026-04-07 03:23:15,akadmin,127.0.0.1,33.749,-84.388,0,Windows 10
2026-04-11 08:54:15,reguser,127.0.0.1,33.749,-84.388,0,Linux
2026-04-11 09:09:15,akadmin,127.0.0.1,33.749,-84.388,0,Linux
2026-04-07 03:55:15,akadmin2,127.0.0.1,33.749,-84.388,0,Linux
2026-04-12 06:38:15,reguser,127.0.0.1,33.749,-84.388,0,Windows 11
2026-04-13 15:55:15,akadmin,127.0.0.1,33.749,-84.388,0,Windows 10
2026-04-06 19:24:15,akadmin2,127.0.0.1,33.749,-84.388,0,macOS
2026-04-13 10:57:15,akadmin,127.0.0.1,33.749,-84.388,0,Windows 11
2026-04-09 03:14:15,akadmin2,127.0.0.1,33.749,-84.388,0,Windows 10
2026-04-11 02:10:15,akadmin,127.0.0.1,33.749,-84.388,0,Windows 10
2026-04-08 05:33:15,reguser,127.0.0.1,33.759,-84.378,0,macOS
2026-04-11 22:37:15,reguser,127.0.0.1,33.759,-84.378,0,macOS
2026-04-07 07:05:15,akadmin,127.0.0.1,33.749,-84.388,0,macOS
2026-04-11 20:30:15,reguser,127.0.0.1,33.749,-84.388,0,Linux
2026-04-09 20:14:15,akadmin,127.0.0.1,33.749,-84.388,0,Linux
2026-04-11 07:33:15,akadmin2,127.0.0.1,33.749,-84.388,0,Windows 10
2026-04-10 19:43:15,akadmin,127.0.0.1,33.749,-84.388,0,Linux
2026-04-08 04:05:15,reguser,127.0.0.1,33.759,-84.378,0,Linux
2026-04-09 04:30:15,reguser,127.0.0.1,33.749,-84.388,0,Linux
2026-04-09 15:17:15,akadmin,127.0.0.1,33.749,-84.388,0,Windows 10
2026-04-10 01:57:15,reguser,127.0.0.1,33.749,-84.388,0,Windows 11
2026-04-12 02:51:15,reguser,127.0.0.1,33.759,-84.378,0,Windows 11
2026-04-11 03:49:15,akadmin,127.0.0.1,33.749,-84.388,0,Windows 11
2026-04-09 18:15:15,akadmin,127.0.0.1,33.749,-84.388,0,Windows 11
2026-04-10 16:54:15,reguser,127.0.0.1,33.749,-84.388,0,Linux
2026-04-12 21:53:15,akadmin,127.0.0.1,33.749,-84.388,0,Windows 11
2026-04-13 04:57:15,akadmin,127.0.0.1,33.749,-84.388,0,Windows 11
2026-04-12 20:38:15,akadmin2,127.0.0.1,33.749,-84.388,0,Windows 11
2026-04-12 03:35:15,akadmin2,127.0.0.1,33.749,-84.388,0,macOS
2026-04-11 09:45:15,akadmin2,127.0.0.1,33.749,-84.388,0,macOS
2026-04-11 14:28:15,reguser,127.0.0.1,33.749,-84.388,0,Windows 10
2026-04-07 02:37:15,akadmin2,127.0.0.1,33.749,-84.388,0,macOS
2026-04-07 05:30:15,akadmin2,127.0.0.1,33.749,-84.388,0,macOS
2026-04-10 00:35:15,akadmin2,127.0.0.1,33.749,-84.388,0,Linux
2026-04-10 06:10:15,akadmin,127.0.0.1,33.749,-84.388,0,Windows 11
2026-04-13 09:47:15,akadmin,127.0.0.1,33.749,-84.388,0,macOS
2026-04-09 11:28:15,akadmin2,127.0.0.1,33.749,-84.388,0,Windows 10
2026-04-12 10:19:15,reguser,127.0.0.1,33.749,-84.388,0,macOS
2026-04-13 06:28:15,akadmin2,127.0.0.1,33.749,-84.388,0,Windows 10
2026-04-08 10:52:15,reguser,127.0.0.1,33.759,-84.378,0,Linux
2026-04-09 09:57:15,reguser,127.0.0.1,33.749,-84.388,0,Linux
2026-04-13 05:13:15,akadmin2,127.0.0.1,33.749,-84.388,0,macOS
2026-04-07 05:24:15,akadmin,127.0.0.1,33.749,-84.388,0,Linux
2026-04-12 07:57:15,reguser,127.0.0.1,33.749,-84.388,0,Linux
2026-04-11 23:34:15,reguser,127.0.0.1,33.749,-84.388,0,Windows 10
2026-04-11 17:48:15,akadmin2,127.0.0.1,33.749,-84.388,0,Windows 11
2026-04-06 23:48:15,reguser,127.0.0.1,33.749,-84.388,0,macOS
2026-04-08 11:40:15,akadmin2,127.0.0.1,33.749,-84.388,0,Linux
2026-04-08 22:13:15,akadmin2,127.0.0.1,33.749,-84.388,0,Windows 10
2026-04-10 05:53:15,akadmin,127.0.0.1,33.749,-84.388,0,Windows 11
2026-04-10 12:24:15,akadmin2,127.0.0.1,33.749,-84.388,0,Windows 11
2026-04-08 11:10:15,akadmin,127.0.0.1,33.749,-84.388,0,macOS
2026-04-08 22:04:15,akadmin2,127.0.0.1,33.749,-84.388,0,Linux
2026-04-07 05:04:15,akadmin2,127.0.0.1,33.769000000000005,-84.36800000000001,0,Windows 11
2026-04-07 09:50:15,reguser,127.0.0.1,33.759,-84.378,0,macOS
2026-04-12 10:27:15,reguser,127.0.0.1,33.749,-84.388,0,Windows 11
2026-04-11 16:11:15,akadmin,127.0.0.1,33.749,-84.388,0,Windows 11
2026-04-13 00:34:15,akadmin,127.0.0.1,33.749,-84.388,0,Windows 11
2026-04-08 13:43:15,reguser,127.0.0.1,33.749,-84.388,0,macOS
2026-04-10 13:54:15,reguser,127.0.0.1,33.749,-84.388,0,Linux
2026-04-09 09:57:15,akadmin2,127.0.0.1,33.749,-84.388,0,Windows 11
2026-04-12 19:24:15,reguser,127.0.0.1,33.759,-84.378,0,Windows 10
2026-04-08 19:20:15,reguser,127.0.0.1,33.749,-84.388,0,Linux
2026-04-11 09:57:15,akadmin2,127.0.0.1,33.749,-84.388,0,Windows 11
2026-04-12 11:08:15,akadmin,127.0.0.1,33.749,-84.388,0,Windows 10
2026-04-08 15:43:15,reguser,127.0.0.1,33.749,-84.388,0,Windows 10
2026-04-13 09:12:15,akadmin,127.0.0.1,33.749,-84.388,0,macOS
2026-04-11 19:43:15,akadmin2,127.0.0.1,33.769000000000005,-84.36800000000001,0,Linux
2026-04-10 05:20:15,akadmin,127.0.0.1,33.749,-84.388,0,Windows 10
2026-04-11 21:27:15,akadmin,127.0.0.1,33.749,-84.388,0,Linux
2026-04-07 20:05:15,reguser,127.0.0.1,33.749,-84.388,0,Windows 11
2026-04-07 00:40:15,akadmin2,127.0.0.1,33.749,-84.388,0,Linux
2026-04-08 11:06:15,akadmin2,127.0.0.1,33.749,-84.388,0,macOS
2026-04-09 17:09:15,akadmin2,127.0.0.1,33.749,-84.388,0,Windows 11
2026-04-10 22:47:15,akadmin2,127.0.0.1,33.749,-84.388,0,Windows 10
2026-04-10 23:03:15,akadmin,127.0.0.1,33.749,-84.388,0,macOS
2026-04-12 19:23:15,reguser,127.0.0.1,33.759,-84.378,0,macOS
2026-04-08 19:34:15,akadmin,127.0.0.1,33.749,-84.388,0,Windows 10
2026-04-12 17:20:15,akadmin,127.0.0.1,33.749,-84.388,0,macOS
2026-04-09 17:48:15,akadmin2,127.0.0.1,33.749,-84.388,0,macOS
2026-04-11 05:54:15,akadmin,127.0.0.1,33.749,-84.388,0,Windows 11
2026-04-12 16:46:15,akadmin2,127.0.0.1,33.769000000000005,-84.36800000000001,0,macOS
2026-04-13 05:36:15,akadmin,127.0.0.1,33.749,-84.388,0,Windows 10
2026-04-13 08:31:15,reguser,127.0.0.1,33.749,-84.388,0,Windows 11
2026-04-10 18:58:15,akadmin,127.0.0.1,33.749,-84.388,0,macOS
2026-04-12 02:50:15,reguser,127.0.0.1,33.759,-84.378,0,Linux
2026-04-08 03:07:15,akadmin,127.0.0.1,33.749,-84.388,0,macOS
2026-04-12 04:37:15,akadmin,127.0.0.1,33.749,-84.388,0,Windows 11
2026-04-08 01:44:15,reguser,127.0.0.1,33.749,-84.388,0,macOS
2026-04-12 17:19:15,reguser,127.0.0.1,33.749,-84.388,0,Linux
2026-04-12 19:29:15,reguser,127.0.0.1,33.749,-84.388,0,Linux
2026-04-10 00:33:15,reguser,127.0.0.1,33.749,-84.388,0,Windows 11
2026-04-07 12:57:15,reguser,127.0.0.1,33.749,-84.388,0,Windows 10
2026-04-13 10:24:15,akadmin,127.0.0.1,33.749,-84.388,0,macOS
2026-04-07 04:24:15,akadmin,127.0.0.1,33.749,-84.388,0,Windows 10
2026-04-10 07:28:15,akadmin2,127.0.0.1,33.749,-84.388,0,Windows 10
2026-04-11 03:21:15,akadmin2,127.0.0.1,33.749,-84.388,0,macOS
2026-04-09 14:12:15,akadmin,127.0.0.1,33.749,-84.388,0,Linux
2026-04-07 19:43:15,reguser,127.0.0.1,33.749,-84.388,0,Windows 10
2026-04-13 03:19:15,reguser,127.0.0.1,33.749,-84.388,0,Windows 10
2026-04-10 07:40:15,akadmin,127.0.0.1,33.749,-84.388,0,Windows 10
2026-04-09 13:02:15,reguser,127.0.0.1,33.749,-84.388,0,macOS
2026-04-11 10:32:15,akadmin,127.0.0.1,33.749,-84.388,0,Linux
2026-04-07 20:33:15,reguser,127.0.0.1,33.749,-84.388,0,Windows 10
2026-04-11 11:06:15,akadmin,127.0.0.1,33.749,-84.388,0,macOS
2026-04-07 17:35:15,akadmin,127.0.0.1,33.749,-84.388,0,macOS
2026-04-10 05:17:15,reguser,127.0.0.1,33.749,-84.388,0,Windows 11
2026-04-12 20:35:15,reguser,127.0.0.1,33.749,-84.388,0,Windows 11
2026-04-10 10:43:15,reguser,127.0.0.1,33.749,-84.388,0,Linux
2026-04-13 04:12:15,reguser,127.0.0.1,33.749,-84.388,0,Windows 10
2026-04-11 10:35:15,reguser,127.0.0.1,33.749,-84.388,0,Windows 10
2026-04-10 03:51:15,akadmin2,127.0.0.1,33.749,-84.388,0,Windows 10
2026-04-07 00:35:15,akadmin2,127.0.0.1,33.749,-84.388,0,macOS
2026-04-12 15:44:15,reguser,127.0.0.1,33.749,-84.388,0,Windows 10
2026-04-09 02:07:15,reguser,127.0.0.1,33.749,-84.388,0,Linux
2026-04-11 16:07:15,akadmin2,127.0.0.1,33.749,-84.388,0,Windows 10
2026-04-11 07:04:15,akadmin,127.0.0.1,33.749,-84.388,0,macOS
2026-04-13 14:09:15,akadmin2,127.0.0.1,33.749,-84.388,0,Linux
2026-04-08 10:17:15,reguser,127.0.0.1,33.749,-84.388,0,Linux
2026-04-12 13:43:15,reguser,127.0.0.1,33.759,-84.378,0,Windows 10
2026-04-07 04:11:15,akadmin2,127.0.0.1,33.749,-84.388,0,Windows 10
2026-04-10 02:53:15,akadmin2,127.0.0.1,33.749,-84.388,0,Linux
2026-04-10 17:03:15,akadmin2,127.0.0.1,33.769000000000005,-84.36800000000001,0,Windows 11
2026-04-10 11:48:15,akadmin,127.0.0.1,33.749,-84.388,0,Windows 11
2026-04-12 20:31:15,akadmin,127.0.0.1,33.749,-84.388,0,Windows 11
2026-04-07 04:02:15,reguser,127.0.0.1,33.749,-84.388,0,Windows 10
2026-04-10 02:15:15,akadmin,127.0.0.1,33.749,-84.388,0,macOS
2026-04-09 00:54:15,akadmin2,127.0.0.1,33.749,-84.388,0,Linux
2026-04-08 15:17:15,akadmin,127.0.0.1,33.749,-84.388,0,macOS
2026-04-12 19:17:15,reguser,127.0.0.1,33.749,-84.388,0,Linux
2026-04-09 16:42:15,reguser,127.0.0.1,33.749,-84.388,0,Linux
2026-04-11 08:39:15,akadmin2,127.0.0.1,33.749,-84.388,0,Windows 11
2026-04-13 11:31:15,reguser,127.0.0.1,33.759,-84.378,0,Windows 10
2026-04-12 20:56:15,reguser,127.0.0.1,33.749,-84.388,0,Windows 10
2026-04-07 08:30:15,reguser,127.0.0.1,33.749,-84.388,0,Windows 11
2026-04-11 01:24:15,akadmin,127.0.0.1,33.749,-84.388,0,Windows 11
2026-04-10 16:46:15,akadmin2,127.0.0.1,33.749,-84.388,0,Linux
2026-04-07 08:30:15,akadmin2,127.0.0.1,33.749,-84.388,0,macOS
2026-04-09 02:29:15,akadmin,127.0.0.1,33.749,-84.388,0,macOS
2026-04-09 08:18:15,reguser,127.0.0.1,33.749,-84.388,0,macOS
2026-04-13 13:02:15,akadmin,127.0.0.1,33.749,-84.388,0,macOS
2026-04-10 05:57:15,akadmin,127.0.0.1,33.749,-84.388,0,Windows 11
2026-04-10 10:15:15,akadmin2,127.0.0.1,33.749,-84.388,0,Linux
2026-04-09 22:59:15,akadmin,127.0.0.1,33.749,-84.388,0,macOS
2026-04-10 01:26:15,akadmin,127.0.0.1,33.749,-84.388,0,macOS
2026-04-10 19:35:15,akadmin,127.0.0.1,33.749,-84.388,0,Windows 11
2026-04-09 18:56:15,reguser,127.0.0.1,33.759,-84.378,0,macOS
2026-04-07 19:07:15,reguser,127.0.0.1,33.749,-84.388,0,Linux
2026-04-10 04:16:15,akadmin2,127.0.0.1,33.749,-84.388,0,Windows 10
2026-04-11 02:19:15,akadmin,127.0.0.1,33.749,-84.388,0,Linux
2026-04-12 22:04:15,reguser,127.0.0.1,33.759,-84.378,0,Windows 10
2026-04-11 10:47:15,akadmin,127.0.0.1,33.749,-84.388,0,Windows 11
2026-04-12 10:26:15,reguser,127.0.0.1,33.749,-84.388,0,Linux
2026-04-10 11:26:15,akadmin,127.0.0.1,33.749,-84.388,0,Linux
2026-04-12 22:02:15,akadmin2,127.0.0.1,33.749,-84.388,0,Windows 11
2026-04-11 08:24:15,akadmin,127.0.0.1,33.749,-84.388,0,Windows 11
2026-04-12 16:49:15,akadmin2,127.0.0.1,33.749,-84.388,0,Windows 11
2026-04-09 10:59:15,akadmin,127.0.0.1,33.749,-84.388,0,Linux
2026-04-10 20:24:15,akadmin2,127.0.0.1,33.769000000000005,-84.36800000000001,0,macOS
2026-04-13 14:07:15,akadmin,127.0.0.1,33.749,-84.388,0,macOS
2026-04-10 02:45:15,akadmin,127.0.0.1,33.749,-84.388,0,Windows 11
2026-04-11 22:22:15,akadmin2,127.0.0.1,33.749,-84.388,0,Windows 11
2026-04-11 20:59:15,akadmin2,127.0.0.1,33.769000000000005,-84.36800000000001,0,macOS
2026-04-11 10:28:15,reguser,127.0.0.1,33.759,-84.378,0,Linux
2026-04-09 22:45:15,reguser,127.0.0.1,33.759,-84.378,0,Windows 11
2026-04-12 16:36:15,reguser,127.0.0.1,33.749,-84.388,0,Windows 10
2026-04-10 23:07:15,reguser,127.0.0.1,33.749,-84.388,0,macOS
2026-04-08 13:13:15,akadmin,127.0.0.1,33.749,-84.388,0,Windows 11
2026-04-08 14:40:15,reguser,127.0.0.1,33.749,-84.388,0,macOS
2026-04-12 13:29:15,reguser,127.0.0.1,33.759,-84.378,0,Linux
2026-04-12 05:15:15,reguser,127.0.0.1,33.749,-84.388,0,Windows 10
2026-04-06 21:47:15,akadmin,127.0.0.1,33.749,-84.388,0,Linux
2026-04-11 10:53:15,akadmin2,127.0.0.1,33.749,-84.388,0,Windows 11
2026-04-13 10:27:15,reguser,127.0.0.1,33.749,-84.388,0,macOS
2026-04-07 15:12:15,akadmin,127.0.0.1,33.749,-84.388,0,Windows 11
2026-04-12 13:57:15,akadmin2,127.0.0.1,33.749,-84.388,0,macOS
2026-04-09 15:47:15,akadmin2,127.0.0.1,33.749,-84.388,0,Windows 11
2026-04-11 09:24:15,akadmin2,127.0.0.1,33.749,-84.388,0,Windows 11
2026-04-11 21:12:15,akadmin2,127.0.0.1,33.749,-84.388,0,Linux
2026-04-13 09:51:15,reguser,127.0.0.1,33.759,-84.378,0,Windows 11
2026-04-10 07:54:15,akadmin2,127.0.0.1,33.749,-84.388,0,Windows 11
2026-04-07 12:33:15,akadmin2,127.0.0.1,33.749,-84.388,0,Linux
2026-04-08 03:46:15,akadmin2,127.0.0.1,33.749,-84.388,0,Windows 11
2026-04-07 11:21:15,akadmin,127.0.0.1,33.749,-84.388,0,macOS
2026-04-08 08:19:15,akadmin2,127.0.0.1,33.749,-84.388,0,Windows 10
2026-04-07 16:46:15,akadmin2,127.0.0.1,33.769000000000005,-84.36800000000001,0,Linux
2026-04-13 07:43:15,akadmin,127.0.0.1,33.749,-84.388,0,Windows 10
2026-04-09 18:36:15,akadmin,127.0.0.1,33.749,-84.388,0,Linux
2026-04-10 01:09:15,reguser,127.0.0.1,33.749,-84.388,0,Windows 10
2026-04-10 10:37:15,akadmin,127.0.0.1,33.749,-84.388,0,macOS
2026-04-07 06:31:15,reguser,127.0.0.1,33.749,-84.388,0,Windows 10
2026-04-11 07:04:15,akadmin2,127.0.0.1,33.749,-84.388,0,Linux
2026-04-08 11:51:15,akadmin,127.0.0.1,33.749,-84.388,0,Linux
2026-04-11 19:54:15,akadmin2,127.0.0.1,33.749,-84.388,0,macOS
2026-04-12 17:06:15,akadmin2,127.0.0.1,33.749,-84.388,0,Linux
2026-04-07 21:44:15,reguser,127.0.0.1,33.759,-84.378,0,Windows 11
2026-04-10 06:40:15,akadmin2,127.0.0.1,33.749,-84.388,0,macOS
2026-04-07 02:57:15,reguser,127.0.0.1,33.759,-84.378,0,Windows 10
2026-04-13 11:30:15,akadmin,127.0.0.1,33.749,-84.388,0,macOS
2026-04-13 02:20:15,akadmin2,127.0.0.1,33.749,-84.388,0,Windows 10
2026-04-10 19:17:15,akadmin,127.0.0.1,33.749,-84.388,0,Linux
2026-04-08 02:09:15,akadmin2,127.0.0.1,33.749,-84.388,0,macOS
2026-04-11 07:37:15,reguser,127.0.0.1,33.759,-84.378,0,Windows 10
2026-04-08 00:15:15,reguser,127.0.0.1,33.749,-84.388,0,macOS
2026-04-09 01:44:15,akadmin2,127.0.0.1,33.749,-84.388,0,Windows 11
2026-04-07 00:03:15,akadmin2,127.0.0.1,33.749,-84.388,0,Windows 11
2026-04-11 12:11:15,reguser,127.0.0.1,33.749,-84.388,0,macOS
2026-04-07 12:29:15,reguser,127.0.0.1,33.749,-84.388,0,Windows 11
2026-04-07 06:59:15,reguser,127.0.0.1,33.749,-84.388,0,Windows 11
2026-04-07 11:19:15,akadmin2,127.0.0.1,33.749,-84.388,0,Windows 10
2026-04-11 06:01:15,reguser,127.0.0.1,33.749,-84.388,0,Windows 10
2026-04-09 13:52:15,akadmin,127.0.0.1,33.749,-84.388,0,macOS
2026-04-13 07:44:15,reguser,127.0.0.1,33.759,-84.378,0,Linux
2026-04-10 05:37:15,akadmin2,127.0.0.1,33.749,-84.388,0,macOS
2026-04-12 03:27:15,akadmin,127.0.0.1,33.749,-84.388,0,Windows 10
2026-04-12 07:33:15,akadmin,127.0.0.1,33.749,-84.388,0,Linux
2026-04-08 04:18:15,reguser,127.0.0.1,33.749,-84.388,0,Linux
2026-04-08 05:33:15,reguser,127.0.0.1,33.749,-84.388,0,macOS
2026-04-09 15:21:15,reguser,127.0.0.1,33.749,-84.388,0,Windows 10
2026-04-11 20:24:15,akadmin2,127.0.0.1,33.749,-84.388,0,macOS
2026-04-09 11:38:15,akadmin2,127.0.0.1,33.749,-84.388,0,Windows 11
2026-04-09 09:30:15,reguser,127.0.0.1,33.759,-84.378,0,Linux
2026-04-06 22:03:15,reguser,127.0.0.1,33.749,-84.388,0,Linux
2026-04-09 08:16:15,akadmin2,127.0.0.1,33.749,-84.388,0,macOS
2026-04-09 16:24:15,akadmin,127.0.0.1,33.749,-84.388,0,Windows 11
2026-04-11 02:09:15,akadmin2,127.0.0.1,33.749,-84.388,0,Windows 10
2026-04-11 12:10:15,akadmin2,127.0.0.1,33.749,-84.388,0,Windows 11
2026-04-07 18:51:15,akadmin2,127.0.0.1,33.749,-84.388,0,Windows 10
2026-04-12 05:34:15,akadmin,127.0.0.1,33.749,-84.388,0,Windows 10
2026-04-11 01:03:15,akadmin,127.0.0.1,33.749,-84.388,0,Windows 10
2026-04-11 04:07:15,akadmin2,127.0.0.1,33.749,-84.388,0,Linux
2026-04-12 02:17:15,akadmin,127.0.0.1,33.749,-84.388,0,Windows 11
2026-04-11 04:46:15,reguser,127.0.0.1,33.749,-84.388,0,Windows 11
2026-04-13 00:53:15,reguser,127.0.0.1,33.749,-84.388,0,Windows 11
2026-04-08 04:38:15,akadmin2,127.0.0.1,33.749,-84.388,0,macOS
2026-04-10 18:12:15,akadmin,127.0.0.1,33.749,-84.388,0,Linux
2026-04-07 01:33:15,akadmin,127.0.0.1,33.749,-84.388,0,Linux
2026-04-09 06:57:15,akadmin,127.0.0.1,33.749,-84.388,0,Windows 10
2026-04-10 23:33:15,reguser,127.0.0.1,33.749,-84.388,0,Linux
2026-04-08 08:40:15,akadmin,127.0.0.1,33.749,-84.388,0,Windows 10
2026-04-08 05:25:15,akadmin,127.0.0.1,33.749,-84.388,0,macOS
2026-04-12 19:27:15,reguser,127.0.0.1,33.759,-84.378,0,Windows 10
2026-04-08 04:26:15,reguser,127.0.0.1,33.749,-84.388,0,Windows 10
2026-04-11 05:56:15,reguser,127.0.0.1,33.749,-84.388,0,macOS
2026-04-07 09:49:15,akadmin,127.0.0.1,33.749,-84.388,0,Windows 11
2026-04-12 05:51:15,reguser,127.0.0.1,33.759,-84.378,0,Windows 11
2026-04-07 20:22:15,akadmin2,127.0.0.1,33.749,-84.388,0,Windows 10
2026-04-11 16:20:15,reguser,127.0.0.1,33.749,-84.388,0,Linux
2026-04-09 19:32:15,reguser,127.0.0.1,33.759,-84.378,0,macOS
2026-04-10 03:28:15,reguser,127.0.0.1,33.749,-84.388,0,Windows 10
2026-04-12 10:58:15,akadmin2,127.0.0.1,33.749,-84.388,0,Linux
2026-04-07 13:54:15,akadmin2,127.0.0.1,33.749,-84.388,0,Windows 11
2026-04-13 01:59:15,akadmin2,127.0.0.1,33.749,-84.388,0,Windows 11
2026-04-11 21:35:15,reguser,127.0.0.1,33.749,-84.388,0,macOS
2026-04-08 12:08:15,akadmin2,127.0.0.1,33.749,-84.388,0,Windows 10
2026-04-09 00:48:15,akadmin,127.0.0.1,33.749,-84.388,0,Windows 10
2026-04-12 16:05:15,akadmin2,127.0.0.1,33.769000000000005,-84.36800000000001,0,Windows 10
2026-04-11 17:25:15,reguser,127.0.0.1,33.759,-84.378,0,Linux
2026-04-07 07:34:15,akadmin,127.0.0.1,33.749,-84.388,0,Windows 11
2026-04-12 11:38:15,akadmin,127.0.0.1,33.749,-84.388,0,Windows 10
2026-04-07 09:54:15,akadmin,127.0.0.1,33.749,-84.388,0,Windows 10
2026-04-07 08:14:15,akadmin,127.0.0.1,33.749,-84.388,0,macOS
2026-04-12 08:33:15,reguser,127.0.0.1,33.759,-84.378,0,Linux
2026-04-13 10:39:15,reguser,127.0.0.1,33.749,-84.388,0,macOS
2026-04-12 11:24:15,akadmin,127.0.0.1,33.749,-84.388,0,macOS
2026-04-08 22:53:15,reguser,127.0.0.1,33.749,-84.388,0,Windows 11
2026-04-08 18:15:15,akadmin,127.0.0.1,33.749,-84.388,0,Windows 10
2026-04-08 23:33:15,akadmin,127.0.0.1,33.749,-84.388,0,Linux
2026-04-08 10:19:15,akadmin2,127.0.0.1,33.749,-84.388,0,macOS
2026-04-10 02:32:15,akadmin,127.0.0.1,33.749,-84.388,0,Windows 11
2026-04-13 13:39:15,reguser,127.0.0.1,33.759,-84.378,0,Windows 11
2026-04-10 11:47:15,akadmin,127.0.0.1,33.749,-84.388,0,Windows 11
2026-04-12 16:41:15,akadmin,127.0.0.1,33.749,-84.388,0,Windows 11
2026-04-13 12:26:15,akadmin,127.0.0.1,33.749,-84.388,0,macOS
2026-04-12 21:54:15,akadmin,127.0.0.1,33.749,-84.388,0,Windows 10
2026-04-07 02:56:15,akadmin,127.0.0.1,33.749,-84.388,0,macOS
2026-04-09 21:09:15,akadmin2,127.0.0.1,33.749,-84.388,0,Windows 11
2026-04-11 16:58:15,akadmin,127.0.0.1,33.749,-84.388,0,Windows 11
2026-04-07 01:23:15,reguser,127.0.0.1,33.749,-84.388,0,Windows 11
2026-04-09 01:32:15,akadmin,127.0.0.1,33.749,-84.388,0,Linux
2026-04-09 14:46:15,akadmin2,127.0.0.1,33.749,-84.388,0,Linux
2026-04-07 15:46:15,akadmin2,127.0.0.1,33.749,-84.388,0,Windows 10
2026-04-10 14:00:15,akadmin2,127.0.0.1,33.749,-84.388,0,macOS
2026-04-06 20:52:15,akadmin,127.0.0.1,33.749,-84.388,0,macOS
2026-04-12 13:07:15,reguser,127.0.0.1,33.759,-84.378,0,macOS
2026-04-10 13:37:15,reguser,127.0.0.1,33.749,-84.388,0,Windows 11
2026-04-07 04:11:15,akadmin,127.0.0.1,33.749,-84.388,0,Windows 10
2026-04-13 04:11:15,akadmin2,127.0.0.1,33.769000000000005,-84.36800000000001,0,macOS
2026-04-09 11:09:15,akadmin,127.0.0.1,33.749,-84.388,0,Windows 11
2026-04-12 20:38:15,reguser,127.0.0.1,33.749,-84.388,0,macOS
2026-04-11 03:15:15,akadmin,127.0.0.1,33.749,-84.388,0,Windows 11
2026-04-10 00:13:15,akadmin2,127.0.0.1,33.769000000000005,-84.36800000000001,0,Windows 11
2026-04-07 22:00:15,akadmin2,127.0.0.1,33.749,-84.388,0,Linux
2026-04-11 09:56:15,akadmin,127.0.0.1,33.749,-84.388,0,Linux
2026-04-10 07:47:15,akadmin,127.0.0.1,33.749,-84.388,0,Linux
2026-04-09 09:04:15,akadmin2,127.0.0.1,33.749,-84.388,0,macOS
2026-04-08 19:34:15,akadmin2,127.0.0.1,33.749,-84.388,0,Windows 11
2026-04-12 18:58:15,reguser,127.0.0.1,33.749,-84.388,0,Windows 11
2026-04-10 21:32:15,akadmin2,127.0.0.1,33.749,-84.388,0,macOS
2026-04-07 07:44:15,reguser,127.0.0.1,33.759,-84.378,0,macOS
2026-04-07 17:18:15,akadmin2,127.0.0.1,33.749,-84.388,0,Linux
2026-04-11 14:56:15,akadmin2,127.0.0.1,33.749,-84.388,0,Windows 11
2026-04-08 09:29:15,akadmin,127.0.0.1,33.749,-84.388,0,macOS
2026-04-10 18:34:15,akadmin2,127.0.0.1,33.769000000000005,-84.36800000000001,0,macOS
2026-04-11 03:25:15,akadmin,127.0.0.1,33.749,-84.388,0,macOS
2026-04-12 11:47:15,akadmin,127.0.0.1,33.749,-84.388,0,macOS
2026-04-11 15:07:15,akadmin,127.0.0.1,33.749,-84.388,0,Windows 10
2026-04-08 03:02:15,akadmin2,127.0.0.1,33.749,-84.388,0,Linux
2026-04-08 19:28:15,akadmin2,127.0.0.1,33.749,-84.388,0,Windows 11
2026-04-09 21:46:15,akadmin2,127.0.0.1,33.749,-84.388,0,macOS
2026-04-07 12:40:15,reguser,127.0.0.1,33.749,-84.388,0,macOS
2026-04-06 23:54:15,akadmin2,127.0.0.1,33.749,-84.388,0,macOS
2026-04-08 14:13:15,reguser,127.0.0.1,33.759,-84.378,0,Windows 11
2026-04-10 23:16:15,akadmin2,127.0.0.1,33.749,-84.388,0,macOS
2026-04-09 17:11:15,reguser,127.0.0.1,33.749,-84.388,0,macOS
2026-04-08 14:29:15,akadmin2,127.0.0.1,33.749,-84.388,0,Windows 10
2026-04-10 11:17:15,akadmin,127.0.0.1,33.749,-84.388,0,macOS
2026-04-09 12:51:15,reguser,127.0.0.1,33.759,-84.378,0,Windows 10
2026-04-11 18:12:15,reguser,127.0.0.1,33.749,-84.388,0,macOS
2026-04-08 12:01:15,reguser,127.0.0.1,33.759,-84.378,0,Linux
2026-04-10 20:27:15,akadmin,127.0.0.1,33.749,-84.388,0,Windows 10
2026-04-08 12:44:15,akadmin2,127.0.0.1,33.749,-84.388,0,macOS
2026-04-11 23:37:15,akadmin2,127.0.0.1,33.749,-84.388,0,macOS
2026-04-08 17:04:15,reguser,127.0.0.1,33.749,-84.388,0,Linux
2026-04-09 04:57:15,akadmin,127.0.0.1,33.749,-84.388,0,Linux
2026-04-06 23:49:15,reguser,127.0.0.1,33.749,-84.388,0,Windows 10
2026-04-10 04:31:15,akadmin,127.0.0.1,33.749,-84.388,0,Linux
2026-04-08 01:19:15,akadmin,127.0.0.1,33.749,-84.388,0,Windows 10
2026-04-10 22:07:15,akadmin,127.0.0.1,33.749,-84.388,0,Windows 11
2026-04-07 08:36:15,akadmin2,127.0.0.1,33.749,-84.388,0,Windows 11
2026-04-07 08:31:15,reguser,127.0.0.1,33.759,-84.378,0,Linux
2026-04-12 14:57:15,reguser,127.0.0.1,33.759,-84.378,0,Windows 11
2026-04-09 13:38:15,akadmin,127.0.0.1,33.749,-84.388,0,Linux
2026-04-08 15:11:15,reguser,127.0.0.1,33.749,-84.388,0,Linux
2026-04-10 20:35:15,akadmin2,127.0.0.1,33.749,-84.388,0,Linux
2026-04-12 19:01:15,akadmin,127.0.0.1,33.749,-84.388,0,Linux
2026-04-11 04:03:15,akadmin2,127.0.0.1,33.749,-84.388,0,Linux
2026-04-07 00:38:15,akadmin2,127.0.0.1,33.749,-84.388,0,Linux
2026-04-13 12:32:15,akadmin,127.0.0.1,33.749,-84.388,0,Windows 10
2026-04-08 03:24:15,akadmin2,127.0.0.1,33.769000000000005,-84.36800000000001,0,Windows 11
2026-04-09 18:23:15,akadmin2,127.0.0.1,33.749,-84.388,0,Windows 11
2026-04-07 12:55:15,akadmin2,127.0.0.1,33.749,-84.388,0,Windows 11
2026-04-10 13:12:15,akadmin2,127.0.0.1,33.749,-84.388,0,Linux
2026-04-08 16:55:15,akadmin,127.0.0.1,33.749,-84.388,0,Windows 11
2026-04-12 03:22:15,akadmin2,127.0.0.1,33.749,-84.388,0,Windows 11
2026-04-10 23:02:15,reguser,127.0.0.1,33.759,-84.378,0,Windows 11
2026-04-10 06:24:15,akadmin,127.0.0.1,33.749,-84.388,0,Windows 11
2026-04-10 05:57:15,akadmin2,127.0.0.1,33.749,-84.388,0,Windows 11
2026-04-11 19:27:15,akadmin,127.0.0.1,33.749,-84.388,0,Linux
2026-04-09 17:37:15,akadmin,127.0.0.1,33.749,-84.388,0,macOS
2026-04-09 07:19:15,akadmin,127.0.0.1,33.749,-84.388,0,Windows 10
2026-04-10 10:55:15,akadmin,127.0.0.1,33.749,-84.388,0,Windows 11
2026-04-09 01:22:15,reguser,127.0.0.1,33.759,-84.378,0,Windows 10
2026-04-08 12:17:15,reguser,127.0.0.1,33.749,-84.388,0,macOS
2026-04-09 03:34:15,akadmin2,127.0.0.1,33.749,-84.388,0,Linux
2026-04-08 10:07:15,akadmin2,127.0.0.1,33.749,-84.388,0,Windows 11
2026-04-13 03:47:15,akadmin2,127.0.0.1,33.749,-84.388,0,macOS
2026-04-07 15:36:15,reguser,127.0.0.1,33.749,-84.388,0,macOS
2026-04-13 09:24:15,reguser,127.0.0.1,33.749,-84.388,0,Linux
2026-04-07 03:45:15,reguser,127.0.0.1,33.759,-84.378,0,Windows 10
2026-04-11 08:52:15,akadmin2,127.0.0.1,33.749,-84.388,0,Linux
2026-04-06 19:41:15,reguser,127.0.0.1,33.759,-84.378,0,macOS
2026-04-08 01:40:15,reguser,127.0.0.1,33.749,-84.388,0,macOS
2026-04-12 04:31:15,akadmin2,127.0.0.1,33.749,-84.388,0,Windows 10
2026-04-08 10:12:15,reguser,127.0.0.1,33.749,-84.388,0,Windows 11
2026-04-08 13:00:15,akadmin2,127.0.0.1,33.749,-84.388,0,Windows 11
2026-04-13 01:35:15,reguser,127.0.0.1,33.749,-84.388,0,Windows 10
2026-04-07 15:15:15,akadmin,127.0.0.1,33.749,-84.388,0,macOS
2026-04-09 08:04:15,akadmin2,127.0.0.1,33.749,-84.388,0,Linux
2026-04-08 00:26:15,akadmin2,127.0.0.1,33.749,-84.388,0,Windows 11
2026-04-13 12:16:15,akadmin2,127.0.0.1,33.749,-84.388,0,macOS
2026-04-12 08:46:15,reguser,127.0.0.1,33.749,-84.388,0,Linux
2026-04-10 06:10:15,reguser,127.0.0.1,33.749,-84.388,0,Windows 11
2026-04-09 23:02:15,reguser,127.0.0.1,33.749,-84.388,0,Windows 10
2026-04-06 19:39:15,reguser,127.0.0.1,33.749,-84.388,0,Windows 11
2026-04-10 19:21:15,reguser,127.0.0.1,33.749,-84.388,0,Windows 11
2026-04-07 22:21:15,akadmin,127.0.0.1,33.749,-84.388,0,macOS
2026-04-10 03:04:15,akadmin,127.0.0.1,33.749,-84.388,0,macOS
2026-04-07 00:22:15,akadmin,127.0.0.1,33.749,-84.388,0,Windows 10
2026-04-11 03:26:15,reguser,127.0.0.1,33.749,-84.388,0,Windows 11
2026-04-09 07:41:15,reguser,127.0.0.1,33.749,-84.388,0,Linux
2026-04-11 12:56:15,akadmin,127.0.0.1,33.749,-84.388,0,macOS
2026-04-13 07:58:15,akadmin,127.0.0.1,33.749,-84.388,0,macOS
2026-04-09 12:38:15,reguser,127.0.0.1,33.749,-84.388,0,Windows 10
2026-04-07 10:26:15,akadmin,127.0.0.1,33.749,-84.388,0,macOS
2026-04-07 02:49:15,akadmin2,127.0.0.1,33.749,-84.388,0,macOS
2026-04-10 09:06:15,akadmin2,127.0.0.1,33.749,-84.388,0,Windows 10
2026-04-11 11:30:15,akadmin2,127.0.0.1,33.749,-84.388,0,macOS
2026-04-07 00:53:15,reguser,127.0.0.1,33.749,-84.388,0,macOS
2026-04-09 00:44:15,akadmin,127.0.0.1,33.749,-84.388,0,Linux
2026-04-09 18:12:15,reguser,127.0.0.1,33.749,-84.388,0,Linux
2026-04-09 20:35:15,akadmin,127.0.0.1,33.749,-84.388,0,Windows 10
2026-04-09 13:17:15,akadmin,127.0.0.1,33.749,-84.388,0,Linux
2026-04-08 15:31:15,reguser,127.0.0.1,33.749,-84.388,0,Linux
2026-04-11 06:34:15,reguser,127.0.0.1,33.749,-84.388,0,macOS
2026-04-09 16:23:15,reguser,127.0.0.1,33.749,-84.388,0,Windows 11
2026-04-10 18:20:15,reguser,127.0.0.1,33.749,-84.388,0,macOS
2026-04-11 19:28:15,akadmin2,127.0.0.1,33.749,-84.388,0,Windows 10
2026-04-10 21:29:15,akadmin2,127.0.0.1,33.749,-84.388,0,macOS
2026-04-08 11:46:15,akadmin2,127.0.0.1,33.749,-84.388,0,Linux
2026-04-08 01:26:15,reguser,127.0.0.1,33.759,-84.378,0,macOS
2026-04-09 17:59:15,reguser,127.0.0.1,33.749,-84.388,0,Windows 10
2026-04-08 00:35:15,akadmin,127.0.0.1,33.749,-84.388,0,Linux
2026-04-10 06:24:15,akadmin,127.0.0.1,33.749,-84.388,0,macOS
2026-04-09 01:43:15,reguser,127.0.0.1,33.759,-84.378,0,macOS
2026-04-07 06:16:15,akadmin2,127.0.0.1,33.749,-84.388,0,Windows 10
2026-04-13 16:14:15,reguser,127.0.0.1,33.749,-84.388,0,macOS
2026-04-11 19:19:15,akadmin,127.0.0.1,33.749,-84.388,0,Windows 10
2026-04-12 13:47:15,reguser,127.0.0.1,33.749,-84.388,0,Windows 11
2026-04-12 19:22:15,akadmin2,127.0.0.1,33.749,-84.388,0,Windows 10
2026-04-11 17:14:15,akadmin2,127.0.0.1,33.749,-84.388,0,Linux
2026-04-10 14:43:15,akadmin,127.0.0.1,33.749,-84.388,0,Windows 11
2026-04-13 15:16:15,akadmin,127.0.0.1,33.749,-84.388,0,Windows 11
2026-04-11 12:01:15,reguser,127.0.0.1,33.749,-84.388,0,Windows 11
2026-04-13 00:56:15,akadmin2,127.0.0.1,33.749,-84.388,0,macOS
2026-04-08 16:09:15,reguser,127.0.0.1,33.749,-84.388,0,Windows 10
2026-04-11 04:03:15,akadmin,127.0.0.1,33.749,-84.388,0,Windows 11
2026-04-10 15:43:15,reguser,127.0.0.1,33.749,-84.388,0,Windows 10
2026-04-08 05:00:15,reguser,127.0.0.1,33.749,-84.388,0,Linux
2026-04-10 13:08:15,reguser,127.0.0.1,33.759,-84.378,0,macOS
2026-04-08 03:11:15,reguser,127.0.0.1,33.749,-84.388,0,Windows 11
2026-04-11 11:14:15,akadmin2,127.0.0.1,33.749,-84.388,0,macOS
2026-04-11 08:31:15,akadmin,127.0.0.1,33.749,-84.388,0,macOS
2026-04-12 16:04:15,reguser,127.0.0.1,33.749,-84.388,0,macOS
2026-04-10 05:13:15,akadmin2,127.0.0.1,33.749,-84.388,0,Windows 10
2026-04-10 17:24:15,akadmin2,127.0.0.1,33.769000000000005,-84.36800000000001,0,macOS
2026-04-10 01:04:15,akadmin,127.0.0.1,33.749,-84.388,0,macOS
2026-04-12 13:06:15,reguser,127.0.0.1,33.749,-84.388,0,Windows 10
2026-04-08 22:16:15,akadmin2,127.0.0.1,33.749,-84.388,0,macOS
2026-04-09 01:30:15,reguser,127.0.0.1,33.759,-84.378,0,Windows 10
2026-04-13 16:34:15,akadmin,127.0.0.1,33.749,-84.388,0,macOS
2026-04-08 08:41:15,reguser,127.0.0.1,33.749,-84.388,0,Linux
2026-04-10 01:20:15,reguser,127.0.0.1,33.749,-84.388,0,macOS
2026-04-08 14:22:15,akadmin2,127.0.0.1,33.749,-84.388,0,Windows 11
2026-04-08 23:11:15,akadmin2,127.0.0.1,33.749,-84.388,0,Windows 11
2026-04-11 19:15:15,akadmin2,127.0.0.1,33.749,-84.388,0,macOS
2026-04-12 02:46:15,reguser,127.0.0.1,33.749,-84.388,0,Windows 10
2026-04-11 22:21:15,akadmin,127.0.0.1,33.749,-84.388,0,macOS
2026-04-07 08:21:15,akadmin2,127.0.0.1,33.749,-84.388,0,Windows 10
2026-04-10 19:25:15,reguser,127.0.0.1,33.749,-84.388,0,macOS
2026-04-10 05:12:15,akadmin2,127.0.0.1,33.749,-84.388,0,macOS
2026-04-13 16:52:15,akadmin2,127.0.0.1,33.749,-84.388,0,Windows 11
2026-04-09 19:58:15,akadmin2,127.0.0.1,33.749,-84.388,0,Windows 10
2026-04-09 18:51:15,akadmin2,127.0.0.1,33.749,-84.388,0,macOS
2026-04-10 05:55:15,reguser,127.0.0.1,33.749,-84.388,0,Linux
2026-04-11 17:41:15,akadmin2,127.0.0.1,33.749,-84.388,0,macOS
2026-04-11 18:45:15,akadmin2,127.0.0.1,33.749,-84.388,0,macOS
2026-04-11 12:13:15,reguser,127.0.0.1,33.749,-84.388,0,macOS
2026-04-12 22:46:15,reguser,127.0.0.1,33.749,-84.388,0,Windows 11
2026-04-10 09:16:15,reguser,127.0.0.1,33.759,-84.378,0,Linux
2026-04-12 05:45:15,akadmin2,127.0.0.1,33.749,-84.388,0,macOS
2026-04-12 13:18:15,akadmin,127.0.0.1,33.749,-84.388,0,Windows 10
2026-04-13 13:44:15,akadmin,127.0.0.1,33.749,-84.388,0,Windows 10
2026-04-13 04:34:15,akadmin,127.0.0.1,33.749,-84.388,0,Windows 11
2026-04-10 15:50:15,akadmin,127.0.0.1,33.749,-84.388,0,Windows 10
2026-04-07 14:41:15,akadmin,127.0.0.1,33.749,-84.388,0,Windows 10
2026-04-08 19:58:15,akadmin,127.0.0.1,33.749,-84.388,0,Windows 11
2026-04-09 20:07:15,akadmin,127.0.0.1,33.749,-84.388,0,macOS
2026-04-11 15:57:15,akadmin2,127.0.0.1,33.749,-84.388,0,Windows 10
2026-04-10 01:16:15,akadmin2,127.0.0.1,33.749,-84.388,0,macOS
2026-04-10 03:37:15,reguser,127.0.0.1,33.759,-84.378,0,Windows 10
2026-04-13 12:13:15,akadmin2,127.0.0.1,33.749,-84.388,0,Windows 11
2026-04-08 14:47:15,akadmin2,127.0.0.1,33.749,-84.388,0,Linux
2026-04-10 09:48:15,reguser,127.0.0.1,33.749,-84.388,0,Windows 10
2026-04-08 18:10:15,akadmin,127.0.0.1,33.749,-84.388,0,Linux
2026-04-12 17:08:15,akadmin,127.0.0.1,33.749,-84.388,0,Windows 10
2026-04-08 04:09:15,akadmin2,127.0.0.1,33.749,-84.388,0,Windows 10
2026-04-12 18:18:15,akadmin2,127.0.0.1,33.749,-84.388,0,Windows 11
2026-04-09 07:46:15,reguser,127.0.0.1,33.749,-84.388,0,Windows 10
2026-04-09 17:22:15,akadmin2,127.0.0.1,33.749,-84.388,0,Windows 11
2026-04-10 12:33:15,reguser,127.0.0.1,33.749,-84.388,0,macOS
2026-04-08 07:29:15,akadmin,127.0.0.1,33.749,-84.388,0,macOS
2026-04-13 10:05:15,reguser,127.0.0.1,33.749,-84.388,0,macOS
2026-04-08 20:50:15,reguser,127.0.0.1,33.749,-84.388,0,Windows 10
2026-04-08 17:25:15,akadmin2,127.0.0.1,33.749,-84.388,0,Linux
2026-04-10 05:29:15,akadmin,127.0.0.1,33.749,-84.388,0,macOS
2026-04-07 16:27:15,akadmin,127.0.0.1,33.749,-84.388,0,Linux
2026-04-08 17:34:15,akadmin,127.0.0.1,33.749,-84.388,0,Windows 11
2026-04-08 17:06:15,reguser,127.0.0.1,33.759,-84.378,0,Windows 11
2026-04-12 12:47:15,akadmin,127.0.0.1,33.749,-84.388,0,Linux
2026-04-12 08:43:15,akadmin2,127.0.0.1,33.749,-84.388,0,Windows 10
2026-04-12 05:31:15,akadmin2,127.0.0.1,33.749,-84.388,0,macOS
2026-04-07 19:42:15,reguser,127.0.0.1,33.749,-84.388,0,Windows 10
2026-04-11 12:02:15,akadmin2,127.0.0.1,33.749,-84.388,0,Windows 11
2026-04-10 09:58:15,akadmin2,127.0.0.1,33.749,-84.388,0,Windows 10
2026-04-11 10:41:15,akadmin2,127.0.0.1,33.749,-84.388,0,macOS
2026-04-09 07:46:15,akadmin,127.0.0.1,33.749,-84.388,0,Linux
2026-04-08 15:23:15,akadmin,127.0.0.1,33.749,-84.388,0,Windows 10
2026-04-13 03:32:15,akadmin2,127.0.0.1,33.749,-84.388,0,Linux
2026-04-08 15:16:15,akadmin,127.0.0.1,33.749,-84.388,0,macOS
2026-04-13 03:48:15,reguser,127.0.0.1,33.749,-84.388,0,Windows 11
2026-04-08 00:52:15,reguser,127.0.0.1,33.749,-84.388,0,Windows 11
2026-04-06 22:09:15,akadmin,127.0.0.1,33.749,-84.388,0,Linux
2026-04-09 18:41:15,akadmin2,127.0.0.1,33.749,-84.388,0,macOS
2026-04-07 06:38:15,akadmin,127.0.0.1,33.749,-84.388,0,Windows 10
2026-04-12 08:16:15,reguser,127.0.0.1,33.749,-84.388,0,Windows 10
2026-04-13 01:32:15,reguser,127.0.0.1,33.749,-84.388,0,macOS
2026-04-10 02:42:15,akadmin2,127.0.0.1,33.749,-84.388,0,Linux
2026-04-09 10:00:15,reguser,127.0.0.1,33.749,-84.388,0,Linux
2026-04-13 16:27:15,akadmin,127.0.0.1,33.749,-84.388,0,macOS
2026-04-12 16:25:15,reguser,127.0.0.1,33.749,-84.388,0,Windows 11
2026-04-09 07:19:15,akadmin,127.0.0.1,33.749,-84.388,0,Windows 11
2026-04-08 16:01:15,akadmin,127.0.0.1,33.749,-84.388,0,Windows 10
2026-04-08 09:10:15,akadmin,127.0.0.1,33.749,-84.388,0,Windows 11
2026-04-12 09:45:15,akadmin,127.0.0.1,33.749,-84.388,0,macOS
2026-04-10 01:26:15,akadmin2,127.0.0.1,33.749,-84.388,0,Linux
2026-04-09 13:55:15,akadmin,127.0.0.1,33.749,-84.388,0,Windows 11
2026-04-10 23:07:15,reguser,127.0.0.1,33.749,-84.388,0,Windows 10
2026-04-07 15:22:15,akadmin2,127.0.0.1,33.749,-84.388,0,Linux
2026-04-10 22:02:15,reguser,127.0.0.1,33.749,-84.388,0,Windows 11
2026-04-09 20:29:15,akadmin,127.0.0.1,33.749,-84.388,0,macOS
2026-04-13 13:58:15,akadmin,127.0.0.1,33.749,-84.388,0,Windows 10
2026-04-07 11:47:15,akadmin,127.0.0.1,33.749,-84.388,0,Windows 11
2026-04-11 22:17:15,reguser,127.0.0.1,33.749,-84.388,0,Linux
2026-04-09 22:14:15,akadmin2,127.0.0.1,33.749,-84.388,0,macOS
2026-04-07 11:20:15,reguser,127.0.0.1,33.749,-84.388,0,Windows 11
2026-04-10 05:21:15,akadmin,127.0.0.1,33.749,-84.388,0,Linux
2026-04-07 23:42:15,akadmin,127.0.0.1,33.749,-84.388,0,Windows 10
2026-04-13 12:47:15,reguser,127.0.0.1,33.749,-84.388,0,macOS
2026-04-09 04:05:15,reguser,127.0.0.1,33.749,-84.388,0,Windows 10
2026-04-07 04:08:15,reguser,127.0.0.1,33.749,-84.388,0,Windows 11
2026-04-08 13:57:15,reguser,127.0.0.1,33.759,-84.378,0,Windows 10
2026-04-13 16:32:15,akadmin2,127.0.0.1,33.749,-84.388,0,Windows 10
2026-04-13 07:45:15,akadmin2,127.0.0.1,33.749,-84.388,0,macOS
2026-04-13 07:53:15,akadmin,127.0.0.1,33.749,-84.388,0,Linux
2026-04-11 02:32:15,akadmin2,127.0.0.1,33.749,-84.388,0,Linux
2026-04-11 10:36:15,akadmin,127.0.0.1,33.749,-84.388,0,macOS
2026-04-13 10:27:15,reguser,127.0.0.1,33.749,-84.388,0,macOS
2026-04-12 05:30:15,akadmin2,127.0.0.1,33.749,-84.388,0,Windows 11
2026-04-11 14:35:15,reguser,127.0.0.1,33.749,-84.388,0,Windows 11
2026-04-13 02:51:15,akadmin,127.0.0.1,33.749,-84.388,0,Linux
2026-04-13 14:38:15,reguser,127.0.0.1,33.749,-84.388,0,Windows 11
2026-04-13 04:08:15,akadmin2,127.0.0.1,33.749,-84.388,0,Windows 10
2026-04-06 23:01:15,reguser,127.0.0.1,33.749,-84.388,0,Windows 10
2026-04-12 20:09:15,reguser,127.0.0.1,33.749,-84.388,0,Windows 10
2026-04-12 12:38:15,akadmin2,127.0.0.1,33.749,-84.388,0,Linux
2026-04-11 02:22:15,akadmin,127.0.0.1,33.749,-84.388,0,Linux
2026-04-12 10:34:15,akadmin,127.0.0.1,33.749,-84.388,0,macOS
2026-04-12 18:15:15,akadmin2,127.0.0.1,33.749,-84.388,0,macOS
2026-04-10 22:12:15,akadmin2,127.0.0.1,33.749,-84.388,0,Windows 10
2026-04-11 23:15:15,akadmin2,127.0.0.1,33.749,-84.388,0,macOS
2026-04-12 11:21:15,reguser,127.0.0.1,33.759,-84.378,0,macOS
2026-04-10 18:23:15,akadmin,127.0.0.1,33.749,-84.388,0,Windows 11
2026-04-07 01:27:15,akadmin,127.0.0.1,33.749,-84.388,0,Windows 11
2026-04-11 10:34:15,akadmin2,127.0.0.1,33.749,-84.388,0,Windows 10
2026-04-10 08:26:15,akadmin2,127.0.0.1,33.749,-84.388,0,macOS
2026-04-09 19:47:15,akadmin,127.0.0.1,33.749,-84.388,0,Linux
2026-04-11 17:14:15,akadmin2,127.0.0.1,33.749,-84.388,0,macOS
2026-04-13 08:14:15,reguser,127.0.0.1,33.749,-84.388,0,Linux
2026-04-13 17:39:15,akadmin,127.0.0.1,33.749,-84.388,0,Windows 11
2026-04-11 03:04:15,akadmin2,127.0.0.1,33.749,-84.388,0,Windows 11
2026-04-13 13:17:15,akadmin2,127.0.0.1,33.749,-84.388,0,Windows 11
2026-04-10 17:19:15,reguser,127.0.0.1,33.749,-84.388,0,macOS
2026-04-12 07:43:15,akadmin,127.0.0.1,33.749,-84.388,0,Windows 11
2026-04-09 11:31:15,akadmin,127.0.0.1,33.749,-84.388,0,Windows 11
2026-04-13 08:42:15,akadmin,127.0.0.1,33.749,-84.388,0,Windows 10
2026-04-13 06:33:15,akadmin2,127.0.0.1,33.749,-84.388,0,Windows 10
2026-04-10 10:45:15,akadmin,127.0.0.1,33.749,-84.388,0,Windows 11
2026-04-10 14:17:15,reguser,127.0.0.1,33.749,-84.388,0,Linux
2026-04-08 08:29:15,akadmin,127.0.0.1,33.749,-84.388,0,Windows 11
2026-04-08 12:30:15,reguser,127.0.0.1,33.749,-84.388,0,macOS
2026-04-12 05:55:15,akadmin,127.0.0.1,33.749,-84.388,0,macOS
2026-04-11 05:33:15,akadmin2,127.0.0.1,33.749,-84.388,0,Windows 10
2026-04-06 23:59:15,akadmin,127.0.0.1,33.749,-84.388,0,Windows 11
2026-04-13 00:52:15,akadmin,127.0.0.1,33.749,-84.388,0,Linux
2026-04-11 17:54:15,reguser,127.0.0.1,33.749,-84.388,0,macOS
2026-04-10 00:21:15,akadmin,127.0.0.1,33.749,-84.388,0,macOS
2026-04-07 00:53:15,akadmin2,127.0.0.1,33.749,-84.388,0,Linux
2026-04-10 04:01:15,reguser,127.0.0.1,33.759,-84.378,0,Windows 11
2026-04-13 14:37:15,akadmin,127.0.0.1,33.749,-84.388,0,macOS
2026-04-09 13:55:15,akadmin,127.0.0.1,33.749,-84.388,0,Windows 11
2026-04-09 15:45:15,reguser,127.0.0.1,33.749,-84.388,0,Windows 11
2026-04-13 02:36:15,reguser,127.0.0.1,33.749,-84.388,0,Windows 10
2026-04-08 04:30:15,akadmin,127.0.0.1,33.749,-84.388,0,Windows 10
2026-04-10 23:54:15,reguser,127.0.0.1,33.749,-84.388,0,Linux
2026-04-12 07:35:15,reguser,127.0.0.1,33.749,-84.388,0,Windows 10
2026-04-09 09:32:15,akadmin,127.0.0.1,33.749,-84.388,0,Windows 11
2026-04-12 14:51:15,reguser,127.0.0.1,33.749,-84.388,0,Windows 11
2026-04-11 21:23:15,reguser,127.0.0.1,33.749,-84.388,0,Linux
2026-04-12 09:35:15,reguser,127.0.0.1,33.749,-84.388,0,Windows 10
2026-04-11 23:18:15,akadmin,127.0.0.1,33.749,-84.388,0,Linux
2026-04-08 15:47:15,akadmin,127.0.0.1,33.749,-84.388,0,Linux
2026-04-08 08:08:15,reguser,127.0.0.1,33.749,-84.388,0,macOS
2026-04-08 09:06:15,akadmin2,127.0.0.1,33.749,-84.388,0,Linux
2026-04-10 16:34:15,akadmin2,127.0.0.1,33.749,-84.388,0,Windows 10
2026-04-11 16:43:15,reguser,127.0.0.1,33.759,-84.378,0,Windows 10
2026-04-07 00:09:15,akadmin2,127.0.0.1,33.769000000000005,-84.36800000000001,0,Windows 11
2026-04-08 02:45:15,reguser,127.0.0.1,33.749,-84.388,0,macOS
2026-04-10 01:53:15,akadmin2,127.0.0.1,33.749,-84.388,0,Windows 10
2026-04-11 18:28:15,akadmin2,127.0.0.1,33.749,-84.388,0,Linux
2026-04-11 03:35:15,reguser,127.0.0.1,33.749,-84.388,0,Windows 11
2026-04-09 19:37:15,akadmin,127.0.0.1,33.749,-84.388,0,Windows 11
2026-04-13 14:52:15,reguser,127.0.0.1,33.759,-84.378,0,Windows 10
2026-04-11 06:42:15,reguser,127.0.0.1,33.749,-84.388,0,Windows 10
2026-04-09 01:26:15,reguser,127.0.0.1,33.749,-84.388,0,Windows 11
2026-04-10 14:50:15,reguser,127.0.0.1,33.749,-84.388,0,Windows 11
2026-04-08 08:14:15,reguser,127.0.0.1,33.759,-84.378,0,Windows 10
2026-04-11 04:29:15,reguser,127.0.0.1,33.749,-84.388,0,Linux
2026-04-12 08:07:15,akadmin,127.0.0.1,33.749,-84.388,0,Windows 10
2026-04-12 05:45:15,akadmin2,127.0.0.1,33.749,-84.388,0,macOS
2026-04-13 08:13:15,akadmin,127.0.0.1,33.749,-84.388,0,macOS
2026-04-10 18:28:15,akadmin2,127.0.0.1,33.749,-84.388,0,Windows 11
2026-04-08 12:29:15,reguser,127.0.0.1,33.749,-84.388,0,Linux
2026-04-13 06:07:15,akadmin2,127.0.0.1,33.749,-84.388,0,Windows 11
2026-04-09 16:28:15,akadmin2,127.0.0.1,33.749,-84.388,0,Windows 11
2026-04-12 22:16:15,akadmin,127.0.0.1,33.749,-84.388,0,Windows 11
2026-04-08 00:07:15,reguser,127.0.0.1,33.759,-84.378,0,Windows 11
2026-04-08 18:55:15,reguser,127.0.0.1,33.759,-84.378,0,Linux
2026-04-11 02:20:15,akadmin,127.0.0.1,33.749,-84.388,0,Windows 10
2026-04-06 21:00:15,reguser,127.0.0.1,33.749,-84.388,0,macOS
2026-04-07 20:03:15,akadmin2,127.0.0.1,33.749,-84.388,0,Windows 11
2026-04-09 02:41:15,akadmin2,127.0.0.1,33.749,-84.388,0,macOS
2026-04-08 10:31:15,akadmin,127.0.0.1,33.749,-84.388,0,Windows 10
2026-04-12 23:23:15,akadmin,127.0.0.1,33.749,-84.388,0,Windows 11
2026-04-11 02:38:15,akadmin,127.0.0.1,33.749,-84.388,0,Windows 11
2026-04-08 15:36:15,reguser,127.0.0.1,33.749,-84.388,0,macOS
2026-04-11 21:34:15,akadmin,127.0.0.1,33.749,-84.388,0,Windows 11
2026-04-09 08:53:15,akadmin2,127.0.0.1,33.749,-84.388,0,macOS
2026-04-11 18:13:15,akadmin2,127.0.0.1,33.749,-84.388,0,Linux
2026-04-12 11:07:15,akadmin,127.0.0.1,33.749,-84.388,0,Windows 11
2026-04-13 04:04:15,akadmin,127.0.0.1,33.749,-84.388,0,macOS
2026-04-13 07:14:15,reguser,127.0.0.1,33.749,-84.388,0,Windows 11
2026-04-13 15:44:15,reguser,127.0.0.1,33.749,-84.388,0,macOS
2026-04-07 15:11:15,akadmin2,127.0.0.1,33.749,-84.388,0,Linux
2026-04-09 19:23:15,akadmin2,127.0.0.1,33.749,-84.388,0,Windows 11
2026-04-08 18:10:15,reguser,127.0.0.1,33.749,-84.388,0,Linux
2026-04-12 18:51:15,akadmin,127.0.0.1,33.749,-84.388,0,Windows 10
2026-04-12 17:49:15,akadmin2,127.0.0.1,33.749,-84.388,0,Windows 11
2026-04-07 00:47:15,reguser,127.0.0.1,33.749,-84.388,0,Windows 10
2026-04-11 10:17:15,akadmin2,127.0.0.1,33.749,-84.388,0,Linux
2026-04-10 19:33:15,akadmin2,127.0.0.1,33.749,-84.388,0,Windows 11
2026-04-12 07:54:15,akadmin,127.0.0.1,33.749,-84.388,0,Windows 11
2026-04-06 22:54:15,akadmin,127.0.0.1,33.749,-84.388,0,Windows 11
2026-04-08 07:23:15,akadmin2,127.0.0.1,33.749,-84.388,0,Linux
2026-04-07 09:37:15,akadmin,127.0.0.1,33.749,-84.388,0,Windows 10
2026-04-12 01:19:15,akadmin,127.0.0.1,33.749,-84.388,0,Windows 10
2026-04-09 23:46:15,reguser,127.0.0.1,33.759,-84.378,0,Linux
2026-04-11 18:01:15,reguser,127.0.0.1,33.749,-84.388,0,Windows 10
2026-04-12 11:11:15,reguser,127.0.0.1,33.749,-84.388,0,Windows 10
2026-04-09 09:01:15,akadmin2,127.0.0.1,33.749,-84.388,0,Windows 10
2026-04-10 23:18:15,reguser,127.0.0.1,33.749,-84.388,0,Linux
2026-04-11 11:28:15,akadmin2,127.0.0.1,33.749,-84.388,0,Linux
2026-04-08 23:28:15,akadmin,127.0.0.1,33.749,-84.388,0,macOS
2026-04-13 10:44:15,reguser,127.0.0.1,33.749,-84.388,0,Windows 10
2026-04-07 20:25:15,akadmin2,127.0.0.1,33.749,-84.388,0,Windows 11
2026-04-09 03:06:15,reguser,127.0.0.1,33.749,-84.388,0,Windows 11
2026-04-08 19:30:15,akadmin2,127.0.0.1,33.749,-84.388,0,Windows 11
2026-04-07 18:20:15,akadmin2,127.0.0.1,33.749,-84.388,0,Windows 11
2026-04-10 09:22:15,akadmin2,127.0.0.1,33.769000000000005,-84.36800000000001,0,Windows 11
2026-04-07 17:01:15,akadmin2,127.0.0.1,33.749,-84.388,0,Windows 10
2026-04-09 09:43:15,reguser,127.0.0.1,33.749,-84.388,0,Windows 10
2026-04-11 09:00:15,akadmin,127.0.0.1,33.749,-84.388,0,Windows 10
2026-04-11 15:01:15,akadmin2,127.0.0.1,33.749,-84.388,0,Linux
2026-04-11 19:49:15,reguser,127.0.0.1,33.759,-84.378,0,Windows 11
2026-04-13 16:37:15,akadmin2,127.0.0.1,33.749,-84.388,0,macOS
2026-04-09 00:13:15,akadmin,127.0.0.1,33.749,-84.388,0,macOS
2026-04-07 14:46:15,akadmin2,127.0.0.1,33.749,-84.388,0,macOS
2026-04-08 00:15:15,akadmin2,127.0.0.1,33.749,-84.388,0,Linux
2026-04-09 03:16:15,akadmin,127.0.0.1,33.749,-84.388,0,Windows 10
2026-04-10 07:17:15,reguser,127.0.0.1,33.749,-84.388,0,macOS
2026-04-11 12:29:15,reguser,127.0.0.1,33.759,-84.378,0,Windows 11
2026-04-10 22:17:15,akadmin2,127.0.0.1,33.749,-84.388,0,macOS
2026-04-08 06:59:15,reguser,127.0.0.1,33.749,-84.388,0,Windows 10
2026-04-09 19:31:15,reguser,127.0.0.1,33.749,-84.388,0,Linux
2026-04-08 04:47:15,akadmin,127.0.0.1,33.749,-84.388,0,Windows 10
2026-04-13 00:37:15,akadmin2,127.0.0.1,33.749,-84.388,0,Linux
2026-04-07 20:47:15,reguser,127.0.0.1,33.749,-84.388,0,macOS
2026-04-13 00:23:15,akadmin,127.0.0.1,33.749,-84.388,0,Windows 10
2026-04-10 05:44:15,reguser,127.0.0.1,33.749,-84.388,0,macOS
2026-04-09 20:56:15,akadmin2,127.0.0.1,33.749,-84.388,0,Linux
2026-04-12 08:03:15,akadmin,127.0.0.1,33.749,-84.388,0,Windows 11
2026-04-09 19:58:15,akadmin,127.0.0.1,33.749,-84.388,0,macOS
2026-04-10 10:17:15,akadmin2,127.0.0.1,33.749,-84.388,0,macOS
2026-04-08 05:04:15,akadmin2,127.0.0.1,33.749,-84.388,0,Windows 11
2026-04-07 23:26:15,reguser,127.0.0.1,33.759,-84.378,0,Windows 10
2026-04-11 18:00:15,akadmin,127.0.0.1,33.749,-84.388,0,Windows 10
2026-04-06 20:01:15,akadmin,127.0.0.1,33.749,-84.388,0,macOS
2026-04-07 18:14:15,reguser,127.0.0.1,33.749,-84.388,0,macOS
2026-04-07 05:57:15,reguser,127.0.0.1,33.759,-84.378,0,Windows 10
2026-04-10 16:45:15,akadmin2,127.0.0.1,33.749,-84.388,0,Linux
2026-04-09 17:27:15,akadmin2,127.0.0.1,33.749,-84.388,0,Windows 11
2026-04-12 19:10:15,reguser,127.0.0.1,33.759,-84.378,0,macOS
2026-04-08 20:04:15,reguser,127.0.0.1,33.749,-84.388,0,Windows 11
2026-04-08 06:31:15,akadmin2,127.0.0.1,33.749,-84.388,0,Windows 10
2026-04-09 12:56:15,akadmin2,127.0.0.1,33.749,-84.388,0,Windows 11
2026-04-12 13:47:15,akadmin,127.0.0.1,33.749,-84.388,0,Linux
2026-04-12 03:11:15,reguser,127.0.0.1,33.749,-84.388,0,Windows 11
2026-04-08 01:06:15,akadmin2,127.0.0.1,33.749,-84.388,0,macOS
2026-04-11 04:37:15,reguser,127.0.0.1,33.749,-84.388,0,macOS
2026-04-12 14:10:15,akadmin2,127.0.0.1,33.749,-84.388,0,macOS
2026-04-07 11:17:15,akadmin2,127.0.0.1,33.749,-84.388,0,Linux
2026-04-10 21:23:15,reguser,127.0.0.1,33.749,-84.388,0,Windows 11
2026-04-09 22:46:15,akadmin2,127.0.0.1,33.749,-84.388,0,macOS
2026-04-09 05:07:15,akadmin,127.0.0.1,33.749,-84.388,0,Windows 10
2026-04-13 13:32:15,akadmin2,127.0.0.1,33.749,-84.388,0,Linux
2026-04-12 23:24:15,reguser,127.0.0.1,33.749,-84.388,0,macOS
2026-04-07 19:55:15,akadmin,127.0.0.1,33.749,-84.388,0,Windows 11
2026-04-07 10:30:15,akadmin2,127.0.0.1,33.749,-84.388,0,Windows 10
2026-04-07 03:10:15,akadmin2,127.0.0.1,33.749,-84.388,0,macOS
2026-04-10 02:59:15,akadmin,127.0.0.1,33.749,-84.388,0,Windows 11
2026-04-11 10:17:15,akadmin,127.0.0.1,33.749,-84.388,0,Windows 11
2026-04-09 21:19:15,reguser,127.0.0.1,33.749,-84.388,0,Windows 11
2026-04-08 13:16:15,akadmin2,127.0.0.1,33.749,-84.388,0,macOS
2026-04-08 03:16:15,reguser,127.0.0.1,33.749,-84.388,0,Windows 10
2026-04-08 01:45:15,akadmin,127.0.0.1,33.749,-84.388,0,Windows 10
2026-04-13 12:52:15,akadmin,127.0.0.1,33.749,-84.388,0,Windows 10
2026-04-08 19:28:15,akadmin2,127.0.0.1,33.749,-84.388,0,Windows 11
2026-04-08 14:16:15,akadmin2,127.0.0.1,33.749,-84.388,0,Windows 10
2026-04-11 18:58:15,akadmin2,127.0.0.1,33.749,-84.388,0,Windows 10
2026-04-10 12:35:15,akadmin,127.0.0.1,33.749,-84.388,0,Windows 10
2026-04-07 22:58:15,akadmin2,127.0.0.1,33.749,-84.388,0,Windows 10
2026-04-10 06:48:15,akadmin,127.0.0.1,33.749,-84.388,0,Windows 10
2026-04-13 02:56:15,akadmin,127.0.0.1,33.749,-84.388,0,Linux
2026-04-09 03:43:15,reguser,127.0.0.1,33.759,-84.378,0,Linux
2026-04-06 20:40:15,akadmin2,127.0.0.1,33.749,-84.388,0,Linux
2026-04-10 16:03:15,akadmin2,127.0.0.1,33.749,-84.388,0,Windows 11
2026-04-12 12:32:15,akadmin,127.0.0.1,33.749,-84.388,0,Windows 11
2026-04-11 11:17:15,akadmin,127.0.0.1,33.749,-84.388,0,Linux
2026-04-11 20:22:15,reguser,127.0.0.1,33.749,-84.388,0,Windows 11
2026-04-13 12:51:15,reguser,127.0.0.1,33.749,-84.388,0,macOS
2026-04-13 06:12:15,akadmin2,127.0.0.1,33.749,-84.388,0,macOS
2026-04-10 20:52:15,akadmin2,127.0.0.1,33.749,-84.388,0,Windows 11
2026-04-08 22:35:15,akadmin2,127.0.0.1,33.769000000000005,-84.36800000000001,0,macOS
2026-04-08 11:28:15,akadmin2,127.0.0.1,33.749,-84.388,0,Windows 11
2026-04-10 03:46:15,akadmin,127.0.0.1,33.749,-84.388,0,Windows 11
2026-04-09 15:32:15,akadmin,127.0.0.1,33.749,-84.388,0,Windows 10
2026-04-07 15:13:15,reguser,127.0.0.1,33.749,-84.388,0,Linux
2026-04-08 15:12:15,reguser,127.0.0.1,33.749,-84.388,0,Windows 10
2026-04-12 21:37:15,akadmin,127.0.0.1,33.749,-84.388,0,Windows 11
2026-04-07 15:41:15,reguser,127.0.0.1,33.749,-84.388,0,macOS
2026-04-10 21:16:15,reguser,127.0.0.1,33.749,-84.388,0,Windows 11
2026-04-12 22:39:15,reguser,127.0.0.1,33.749,-84.388,0,Windows 10
2026-04-12 15:59:15,reguser,127.0.0.1,33.759,-84.378,0,macOS
2026-04-07 11:39:15,reguser,127.0.0.1,33.759,-84.378,0,Windows 10
2026-04-09 20:22:15,reguser,127.0.0.1,33.749,-84.388,0,Windows 10
2026-04-07 03:22:15,reguser,127.0.0.1,33.759,-84.378,0,Windows 10
2026-04-07 06:37:15,akadmin,127.0.0.1,33.749,-84.388,0,macOS
2026-04-08 09:34:15,reguser,127.0.0.1,33.749,-84.388,0,Windows 11
2026-04-09 09:19:15,reguser,127.0.0.1,33.749,-84.388,0,Windows 11
2026-04-11 00:26:15,akadmin2,127.0.0.1,33.749,-84.388,0,Windows 11
2026-04-11 11:05:15,reguser,127.0.0.1,33.749,-84.388,0,Linux
2026-04-09 07:13:15,akadmin2,127.0.0.1,33.749,-84.388,0,Windows 10
2026-04-08 09:15:15,reguser,127.0.0.1,33.749,-84.388,0,macOS
2026-04-08 15:55:15,akadmin2,127.0.0.1,33.749,-84.388,0,macOS
2026-04-10 14:37:15,reguser,127.0.0.1,33.759,-84.378,0,Linux
2026-04-13 03:58:15,akadmin2,127.0.0.1,33.749,-84.388,0,macOS
2026-04-08 11:55:15,reguser,127.0.0.1,33.759,-84.378,0,Windows 11
2026-04-11 09:31:15,akadmin,127.0.0.1,33.749,-84.388,0,Windows 10
2026-04-11 14:44:15,reguser,127.0.0.1,33.749,-84.388,0,Linux
2026-04-07 19:03:15,akadmin2,127.0.0.1,33.749,-84.388,0,Linux
2026-04-08 16:19:15,reguser,127.0.0.1,33.749,-84.388,0,Windows 11
2026-04-13 04:39:15,reguser,127.0.0.1,33.749,-84.388,0,Linux
2026-04-08 16:20:15,akadmin,127.0.0.1,33.749,-84.388,0,Windows 11
2026-04-09 04:26:15,akadmin,127.0.0.1,33.749,-84.388,0,Linux
2026-04-11 11:35:15,akadmin,127.0.0.1,33.749,-84.388,0,macOS
2026-04-09 17:26:15,akadmin,127.0.0.1,33.749,-84.388,0,Linux
2026-04-10 22:44:15,reguser,127.0.0.1,33.749,-84.388,0,macOS
2026-04-12 10:45:15,akadmin,127.0.0.1,33.749,-84.388,0,Windows 11
2026-04-13 14:29:15,akadmin,127.0.0.1,33.749,-84.388,0,Windows 10
2026-04-08 08:25:15,akadmin2,127.0.0.1,33.749,-84.388,0,Windows 11
2026-04-08 02:25:15,reguser,127.0.0.1,33.749,-84.388,0,macOS
2026-04-09 06:39:15,akadmin2,127.0.0.1,33.749,-84.388,0,Windows 10
2026-04-13 03:32:15,reguser,127.0.0.1,33.749,-84.388,0,Windows 11
2026-04-10 09:29:15,reguser,127.0.0.1,33.749,-84.388,0,Windows 11
2026-04-09 17:56:15,akadmin,127.0.0.1,33.749,-84.388,0,Windows 10
2026-04-07 13:45:15,reguser,127.0.0.1,33.749,-84.388,0,Windows 11
2026-04-11 22:54:15,akadmin,127.0.0.1,33.749,-84.388,0,Linux
2026-04-07 15:03:15,akadmin,127.0.0.1,33.749,-84.388,0,Windows 11
2026-04-07 06:32:15,reguser,127.0.0.1,33.749,-84.388,0,Linux
2026-04-09 15:07:15,akadmin2,127.0.0.1,33.749,-84.388,0,Linux
2026-04-12 01:00:15,akadmin,127.0.0.1,33.749,-84.388,0,macOS
2026-04-12 20:12:15,akadmin,127.0.0.1,33.749,-84.388,0,Windows 11
2026-04-11 13:54:15,reguser,127.0.0.1,33.749,-84.388,0,macOS
2026-04-07 16:45:15,reguser,127.0.0.1,33.749,-84.388,0,Windows 11
2026-04-07 08:31:15,akadmin2,127.0.0.1,33.749,-84.388,0,Linux
2026-04-11 14:01:15,akadmin2,127.0.0.1,33.749,-84.388,0,macOS
2026-04-08 08:27:15,akadmin2,127.0.0.1,33.749,-84.388,0,Windows 10
2026-04-13 13:00:15,reguser,127.0.0.1,33.749,-84.388,0,Windows 11
2026-04-13 04:16:15,akadmin2,127.0.0.1,33.749,-84.388,0,macOS
2026-04-12 03:22:15,akadmin2,127.0.0.1,33.749,-84.388,0,Linux
2026-04-13 00:18:15,akadmin2,127.0.0.1,33.749,-84.388,0,Linux
2026-04-09 11:00:15,akadmin,127.0.0.1,33.749,-84.388,0,macOS
2026-04-13 04:58:15,reguser,127.0.0.1,33.749,-84.388,0,Windows 10
2026-04-13 11:01:15,akadmin2,127.0.0.1,33.769000000000005,-84.36800000000001,0,Windows 11
2026-04-13 14:27:15,akadmin2,127.0.0.1,33.749,-84.388,0,Windows 10
2026-04-06 19:29:15,akadmin2,127.0.0.1,33.749,-84.388,0,Windows 11
2026-04-09 21:45:15,reguser,127.0.0.1,33.749,-84.388,0,Linux
2026-04-13 10:31:15,akadmin,127.0.0.1,33.749,-84.388,0,macOS
2026-04-12 02:33:15,reguser,127.0.0.1,33.749,-84.388,0,Windows 11
2026-04-13 16:49:15,akadmin2,127.0.0.1,33.749,-84.388,0,Windows 10
2026-04-08 16:48:15,akadmin,127.0.0.1,33.749,-84.388,0,Windows 11
2026-04-08 12:14:15,reguser,127.0.0.1,33.749,-84.388,0,macOS
2026-04-07 08:47:15,akadmin,127.0.0.1,33.749,-84.388,0,macOS
2026-04-09 23:32:15,akadmin,127.0.0.1,33.749,-84.388,0,Windows 11
2026-04-08 14:03:15,akadmin2,127.0.0.1,33.749,-84.388,0,Linux
2026-04-10 03:41:15,reguser,127.0.0.1,33.749,-84.388,0,Linux
2026-04-12 15:25:15,reguser,127.0.0.1,33.749,-84.388,0,Windows 10
2026-04-11 02:16:15,akadmin2,127.0.0.1,33.749,-84.388,0,Windows 10
2026-04-09 09:03:15,akadmin2,127.0.0.1,33.749,-84.388,0,Windows 10
2026-04-12 05:03:15,reguser,127.0.0.1,33.749,-84.388,0,macOS
2026-04-08 19:46:15,reguser,127.0.0.1,33.749,-84.388,0,Windows 10
2026-04-07 12:08:15,akadmin,127.0.0.1,33.749,-84.388,0,Linux
2026-04-08 08:23:15,akadmin2,127.0.0.1,33.749,-84.388,0,Windows 10
2026-04-09 22:26:15,akadmin,127.0.0.1,33.749,-84.388,0,macOS
2026-04-09 12:33:15,akadmin2,127.0.0.1,33.769000000000005,-84.36800000000001,0,Windows 10
2026-04-10 11:59:15,reguser,127.0.0.1,33.759,-84.378,0,Linux
2026-04-06 22:57:15,akadmin2,127.0.0.1,33.749,-84.388,0,Windows 10
2026-04-11 06:00:15,akadmin,127.0.0.1,33.749,-84.388,0,macOS
2026-04-11 00:15:15,reguser,127.0.0.1,33.749,-84.388,0,Windows 10
2026-04-09 02:23:15,reguser,127.0.0.1,33.749,-84.388,0,Windows 10
2026-04-09 14:36:15,akadmin2,127.0.0.1,33.749,-84.388,0,Linux
2026-04-08 19:43:15,akadmin,127.0.0.1,33.749,-84.388,0,Windows 11
2026-04-07 12:44:15,akadmin,127.0.0.1,33.749,-84.388,0,Windows 10
2026-04-07 01:13:15,akadmin2,127.0.0.1,33.749,-84.388,0,Linux
2026-04-12 20:25:15,akadmin,127.0.0.1,33.749,-84.388,0,Linux
2026-04-08 11:48:15,akadmin2,127.0.0.1,33.749,-84.388,0,Windows 10
2026-04-10 02:25:15,reguser,127.0.0.1,33.749,-84.388,0,Windows 11
2026-04-13 12:20:15,akadmin,127.0.0.1,33.749,-84.388,0,macOS
2026-04-09 17:51:15,akadmin,127.0.0.1,33.749,-84.388,0,Windows 11
2026-04-07 08:49:15,akadmin2,127.0.0.1,33.749,-84.388,0,Windows 11
2026-04-12 10:07:15,akadmin2,127.0.0.1,33.749,-84.388,0,Windows 11
2026-04-11 14:57:15,akadmin,127.0.0.1,33.749,-84.388,0,Windows 11
2026-04-13 07:50:15,reguser,127.0.0.1,33.759,-84.378,0,Windows 10
2026-04-11 05:02:15,akadmin,127.0.0.1,33.749,-84.388,0,Windows 11
2026-04-13 16:28:15,akadmin2,127.0.0.1,33.749,-84.388,0,Windows 11
2026-04-10 03:09:15,akadmin2,127.0.0.1,33.749,-84.388,0,Linux
2026-04-08 13:53:15,akadmin2,127.0.0.1,33.749,-84.388,0,Windows 11
2026-04-13 16:23:15,akadmin2,127.0.0.1,33.749,-84.388,0,Linux
2026-04-07 09:13:15,akadmin,127.0.0.1,33.749,-84.388,0,Linux
2026-04-09 22:25:15,reguser,127.0.0.1,33.749,-84.388,0,Linux
2026-04-09 14:49:15,reguser,127.0.0.1,33.749,-84.388,0,Windows 10
2026-04-13 13:56:15,akadmin2,127.0.0.1,33.749,-84.388,0,Windows 11
2026-04-11 07:36:15,akadmin,127.0.0.1,33.749,-84.388,0,Linux
2026-04-10 00:06:15,akadmin2,127.0.0.1,33.749,-84.388,0,Windows 11
2026-04-09 14:52:15,reguser,127.0.0.1,33.759,-84.378,0,macOS
2026-04-12 16:25:15,akadmin,127.0.0.1,33.749,-84.388,0,Windows 10
2026-04-08 15:46:15,reguser,127.0.0.1,33.759,-84.378,0,macOS
2026-04-11 16:29:15,akadmin,127.0.0.1,33.749,-84.388,0,macOS
2026-04-10 00:58:15,akadmin2,127.0.0.1,33.749,-84.388,0,macOS
2026-04-11 19:57:15,reguser,127.0.0.1,33.749,-84.388,0,macOS
2026-04-10 23:42:15,reguser,127.0.0.1,33.749,-84.388,0,Windows 10
2026-04-08 23:14:15,reguser,127.0.0.1,33.749,-84.388,0,macOS
2026-04-10 10:36:15,akadmin,127.0.0.1,33.749,-84.388,0,Windows 10
2026-04-09 09:46:15,akadmin,127.0.0.1,33.749,-84.388,0,Linux
2026-04-10 22:13:15,akadmin,127.0.0.1,33.749,-84.388,0,Windows 11
2026-04-07 04:21:15,akadmin2,127.0.0.1,33.749,-84.388,0,macOS
2026-04-13 16:28:15,akadmin,127.0.0.1,33.749,-84.388,0,macOS
2026-04-13 06:04:15,akadmin2,127.0.0.1,33.749,-84.388,0,Windows 11
2026-04-07 17:16:15,akadmin2,127.0.0.1,33.749,-84.388,0,macOS
2026-04-07 10:17:15,akadmin2,127.0.0.1,33.749,-84.388,0,Linux
2026-04-10 17:44:15,reguser,127.0.0.1,33.749,-84.388,0,Windows 10
2026-04-12 14:52:15,akadmin,127.0.0.1,33.749,-84.388,0,Windows 11
2026-04-10 15:50:15,akadmin,127.0.0.1,33.749,-84.388,0,Linux
2026-04-12 23:36:15,reguser,127.0.0.1,33.749,-84.388,0,macOS
2026-04-12 02:45:15,reguser,127.0.0.1,33.749,-84.388,0,Windows 11
2026-04-12 12:05:15,akadmin2,127.0.0.1,33.749,-84.388,0,Windows 10
2026-04-13 14:58:15,reguser,127.0.0.1,33.749,-84.388,0,Windows 11
2026-04-08 13:21:15,akadmin2,127.0.0.1,33.749,-84.388,0,macOS
2026-04-09 05:52:15,akadmin2,127.0.0.1,33.749,-84.388,0,Linux
2026-04-09 08:35:15,akadmin,127.0.0.1,33.749,-84.388,0,Windows 10
2026-04-13 10:28:15,akadmin2,127.0.0.1,33.769000000000005,-84.36800000000001,0,Windows 11
2026-04-13 17:59:15,attacker_pro,1.1.1.1,0.0,0.0,1,Kali linux
